profile_id,user_id,bio,location,website
1000,1343,Cum deserunt ratione dignissimos labore debitis.,Lorichester,https://cunningham.biz/
1001,1142,Rerum consequatur autem.,Parkermouth,https://www.bruce.edu.au/
1002,1442,Ad molestias qui culpa in in possimus.,Awawai,https://www.flowers-mcknight.org/
1003,1346,Nemo et omnis officiis perspiciatis magni.,Carolbury,https://whyte.maori.nz/
1004,1155,End young rich street.,Wekahanga,https://harding.com/
1005,1470,Repellendus modi aut non molestias nobis rem.,Mariafurt,http://www.torres-johnson.com/
1006,1011,Adipisci temporibus qui velit optio eos beatae eum.,Allening,http://smith-jones.biz/
1007,1172,Recently other rule also without senior top.,East Sherrimouth,http://www.jones.org/
1008,1128,Officiis doloribus non quod.,Harrisport,http://www.young.info/
1009,1456,Look politics feel both sure senior such force.,Patriciaville,https://velazquez.com/
1010,1248,Month forget however pretty mean.,Awaawa,http://hamilton-okeefe.org.nz/
1011,1020,My skin project husband.,North Hayleyfurt,http://www.camacho-howell.org/
1012,1063,Voluptatum iste est nam hic.,Shawnville,https://vaughn.org.au/
1013,1447,Animi voluptatum recusandae labore perspiciatis.,North Michelle,http://www.young-reynolds.org/
1014,1120,Quo architecto officiis maxime.,Tracyport,http://www.taylor.com/
1015,1425,Maiores occaecati non.,Lake Eugene,https://www.davis.edu/
1016,1227,Dicta dolorum illo excepturi.,Colefort,https://dennis.edu.au/
1017,1321,Simple no training game believe race.,Whakatipu,https://www.benson.net/
1018,1408,Autem aliquid ab.,Shannonfort,https://gray.biz/
1019,1209,Dolores similique officia incidunt.,Port Kevinport,http://james.com/
1020,1037,Est voluptate debitis impedit sed ipsa non facilis.,Fitzgeraldtown,https://www.frazier.org/
1021,1300,Exercitationem inventore doloremque odio explicabo neque labore.,Lambgate,https://www.hughes.biz/
1022,1239,Architecto neque enim.,West Christine,http://wolfe.com/
1023,1349,Vero commodi sit iure illo a nesciunt incidunt.,Barberborough,https://pratt.com/
1024,1259,Radio interest bit say will.,Motukawapuke,http://paul-may.com/
1025,1217,Qui consequuntur ea omnis cum voluptatem odio quibusdam.,Ryanhaven,http://thomas.biz/
1026,1466,Totam voluptatibus est ipsum sint dolor facilis.,Laurenside,http://www.searle.kiwi/
1027,1111,Voluptatem minus non impedit.,Sarahhaven,http://edwards.org/
1028,1332,Minus laudantium sapiente fuga doloribus accusantium.,Lake Jennifershire,https://www.torres-webster.com/
1029,1272,Dinner life cell realize.,Prestonton,https://clay.org/
1030,1422,Voluptatibus soluta atque dolorum explicabo autem.,Kingport,https://hernandez-walker.com.au/
1031,1356,Deserunt enim dicta commodi fuga porro magni.,Waiwhangamata,https://preston.org/
1032,1320,Dolor tempore non ab.,St. Samanthatown,https://www.krause.edu/
1033,1113,Voluptate harum ratione explicabo non quod.,Averying,https://www.butler-gordon.kiwi/
1034,1356,Rem quas beatae beatae nam hic quisquam.,East Rosieville,https://ward.info/
1035,1160,Hic magni reprehenderit veniam autem quasi.,Scottchester,http://www.bell.ac.nz/
1036,1304,Voluptatem porro vitae nemo iusto eligendi nemo repellendus.,East Sherrymouth,https://bryant.com/
1037,1044,Iure quia excepturi corporis culpa sint et.,East Davidtown,https://martinez.com/
1038,1133,Tv father sell Democrat onto.,North Josechester,https://www.foster-young.net/
1039,1170,Nulla est eum laudantium iure deleniti beatae.,Lake Michelle,http://nelson.com/
1040,1198,Laudantium eius quis itaque aspernatur necessitatibus laboriosam.,Goodwinside,http://patel-curtis.com/
1041,1325,Natus quis itaque perferendis eveniet sunt.,Chaneybury,http://www.simpson-mckay.nz/
1042,1219,Quis repellat atque temporibus numquam.,Bellburgh,http://marsh.maori.nz/
1043,1304,Maxime iure iste id molestias nobis.,North Charles,http://www.millar.school.nz/
1044,1007,Excepturi distinctio laudantium.,Lake Aimee,http://www.turnbull.com/
1045,1437,Fugit excepturi laborum assumenda maiores quibusdam veniam.,Lake Stephen,http://jones-chapman.com/
1046,1470,Sed provident voluptas exercitationem quaerat non dolorem.,Tangirongo,https://roberts.info/
1047,1071,Inventore sed possimus tempora.,Annetteshire,http://www.flores.com/
1048,1190,Quasi sed iusto.,North Carrie,https://butler.com/
1049,1344,Aspernatur animi ratione vel ratione architecto vel fugiat.,Donaldburgh,http://www.sullivan-walters.com/
1050,1437,Facere expedita animi qui.,Maungamata,http://bishop.kiwi.nz/
1051,1281,Praesentium iusto nobis iste sit est vitae.,Brooksmouth,https://carter-burns.geek.nz/
1052,1484,Trial fast wind animal thank.,Lake Travis,https://www.howard-may.com/
1053,1460,Eos perferendis molestias odio aliquid ut.,Amyborough,https://smith-wilson.com/
1054,1182,Quasi hic officia dolor totam.,Harrisstad,https://moore.com/
1055,1208,Atque deserunt voluptatibus distinctio quaerat.,Howellshire,http://mcdonald.school.nz/
1056,1030,Asperiores in adipisci officia.,New Emma,http://corbett-patchett.geek.nz/
1057,1360,Rerum dolor architecto nisi ea dolores inventore.,South Amanda,https://www.olsen.ac.nz/
1058,1063,After wait trade three kitchen crime.,South Donaldton,http://pratt.com/
1059,1208,Enim eveniet sapiente.,Wilsonstad,https://www.morley-roberts.com/
1060,1276,Quas voluptatum assumenda molestias repudiandae.,East Tony,https://www.davis-brown.com/
1061,1206,Nesciunt voluptatibus explicabo reiciendis impedit.,Lake Cravenneath,https://conley.org/
1062,1163,Odit ducimus alias corporis.,Port Sharonport,http://www.brock.net/
1063,1132,Nihil rerum illum pariatur asperiores odio.,New Nathanfurt,http://wright.com/
1064,1011,Amount through last ability deep campaign human.,South Stephen,https://robinson-walls.net/
1065,1124,Unde nulla voluptatibus rem quo.,Hilltown,https://simmons-hampton.net/
1066,1454,Velit sapiente eos alias repellat ab.,Romeroland,https://rogers-davis.com/
1067,1364,Modi rem repudiandae inventore facere.,Elliottport,https://www.williams.net/
1068,1322,Voluptas placeat nam molestias.,New Jenna,https://www.rowe-mellor.com/
1069,1056,Doloremque neque hic tenetur.,Heatherbury,https://downs.org/
1070,1089,Suddenly establish court us consider.,South Matthewside,http://www.smith-wallace.maori.nz/
1071,1202,Dolor eveniet ipsum esse voluptatem.,South Janicehaven,https://jones.com/
1072,1005,Dolore tempore harum sequi sapiente ab.,Port Rebecca,http://contreras.info/
1073,1345,Molestiae maiores quam mollitia nobis.,Westville,http://www.landon-lane-mcmillan.org.nz/
1074,1303,Vitae iusto sit maiores vel.,Loribury,http://townsend-meyer.edu/
1075,1135,Aliquam voluptates nam repellendus.,Glenmouth,http://martin.ac.nz/
1076,1301,Asperiores architecto ut consequatur tempore veniam.,Stanleyton,https://sullivan.com/
1077,1391,Eveniet earum ad tempore animi praesentium repellat.,Walkerborough,https://snyder.net/
1078,1100,Agent successful trouble hold best.,West Dylan,http://warner-lewis.com/
1079,1468,Recusandae quis magnam quod autem rerum id.,North Joetown,https://rodriguez.com/
1080,1234,Quasi itaque aut ut.,Michelletown,http://www.berger-mcdonald.info/
1081,1003,Accusantium est nostrum veniam dolores nostrum.,Marshland,http://www.roberts.org/
1082,1454,Analysis wind again its.,Lake Jared,http://www.parks.com/
1083,1275,Together professor serve window large.,Kennying,https://gordon.net.nz/
1084,1043,Their dinner person adult.,South Jessicaborough,http://marks.com/
1085,1134,Sed at sapiente.,Amymouth,http://sanchez-rodriguez.net/
1086,1291,Maxime at cum maxime tenetur itaque corporis delectus.,Wharerotonui,https://taylor.net/
1087,1480,Such pick them indeed popular.,East Irene,http://www.hayes-mayer.biz/
1088,1355,Dolores odio molestiae rerum adipisci aut quaerat molestiae.,Simonsengate,http://www.mclaughlin-smith.biz/
1089,1204,Voluptas culpa corrupti ex fugit.,Daviestown,http://www.chapman-fletcher.com/
1090,1101,College other hour attention despite occur.,Gordonleigh,https://www.mooney.com/
1091,1061,Voluptate molestiae accusantium dolores aliquam vero excepturi.,Bryantside,https://www.gregory.org/
1092,1327,Officia maiores praesentium molestiae optio deleniti.,South Kathleen,http://www.ray.info/
1093,1269,Natus rem praesentium ea.,Kathrynmouth,http://www.blake.com.au/
1094,1016,Themselves assume movie question himself under.,Thompsonville,http://www.edwards.com/
1095,1430,Odit tenetur aperiam tempore accusamus dicta dolor.,North Jasonfurt,https://obrien.co.uk/
1096,1343,Quod ipsa quisquam tempore.,Heathershire,http://www.garcia.edu.au/
1097,1027,Mind hot despite maintain recognize hear let.,Gabriellamouth,http://dunlap.com/
1098,1329,Maxime voluptatum accusantium officia reprehenderit nesciunt.,New Paul,https://young.com/
1099,1060,Corrupti doloribus rem placeat voluptate.,St. Jacob,http://www.parsons.nz/
1100,1179,Account nature door suffer vote.,North Sean,http://moore.org.nz/
1101,1307,Quas natus labore asperiores nulla deserunt consequatur dolorum.,South Kayla,https://wilson-pena.biz/
1102,1087,Doloribus fuga ratione reiciendis aliquid.,Nancystad,https://www.parrish-keller.net/
1103,1093,Rem perspiciatis itaque numquam facilis quia nemo laboriosam.,Timothyburgh,https://williams.com/
1104,1103,Nam nemo saepe fugiat.,Blackburn,https://www.green.com/
1105,1032,Asperiores dolores laborum saepe.,Douglas Flats,http://white.com/
1106,1096,Facilis minus numquam quas ea sapiente cupiditate.,Joshborough,http://lyons.edu.au/
1107,1371,Dolor voluptate velit totam eius.,Richardsville,http://www.campbell-durham.com/
1108,1072,Cumque tempora cum at dolorem incidunt exercitationem hic.,Patriciahaven,http://www.goddard.info/
1109,1061,Similique eos velit sapiente sequi ipsum assumenda.,East Julie,https://garza.info/
1110,1377,Music area general situation during.,South Sabrinachester,http://kennedy.biz/
1111,1352,On specific become whom board present.,Ferguson Hill,http://escobar.net/
1112,1355,Over too spring reality born.,Sheliaport,http://scott.net.au/
1113,1199,Concern remember actually total ahead.,Roherua,http://www.knight.com/
1114,1345,Ratione voluptates corrupti delectus a.,New Nicoleview,https://www.curtis.net.nz/
1115,1332,Necessitatibus rerum mollitia ipsa odio.,South Albertmouth,https://berry.nz/
1116,1329,Corporis sint odit illo placeat.,Brianmouth,http://russell-mistry.com/
1117,1090,Veritatis amet repudiandae commodi.,Thomasland,http://www.eaton.geek.nz/
1118,1075,Nihil necessitatibus quidem unde quidem consectetur iure blanditiis.,Hallstad,https://harvey-cruz.com/
1119,1170,Necessitatibus ratione quasi nam error libero.,Matthewsberg,http://www.waters.info/
1120,1322,Numquam optio doloremque voluptatum animi facere.,Coxhaven,http://www.burgess.net.nz/
1121,1065,Error atque accusantium velit expedita sit reprehenderit.,Lake Wayne,https://www.cruz.edu/
1122,1054,This enjoy single response run work building.,Donnellyton,http://thompson-goodman.info/
1123,1482,Smile difference color summer mission.,Shannonchester,http://johnson-small.biz/
1124,1346,Quas cumque repellendus officiis ducimus dolores vel totam.,Stevensbury,https://may.com/
1125,1363,Nulla aliquam commodi aliquid.,Amandahaven,http://lamb.com/
1126,1169,Push better industry despite great.,Brianmouth,http://www.olson-lopez.com/
1127,1124,Eaque tenetur fuga laudantium praesentium sint iste.,Rosechester,http://www.liu.com/
1128,1244,Culpa nesciunt excepturi.,Mitchellhaven,https://skinner-delacruz.com/
1129,1213,Vitae voluptatem eum fugit mollitia quae sapiente.,Nicoleberg,https://www.gray-carr.nz/
1130,1467,Suddenly development five rock name team.,Lake Jill,https://atkinson.com/
1131,1444,Minus dolore neque perspiciatis.,Jonesport,http://www.jacobs.net/
1132,1222,Fugiat enim ea ullam ipsa.,New Nicholasshire,https://www.saunders-clark.com/
1133,1497,Catch dark job movie particularly sort north interview.,Allenland,http://johnson.org/
1134,1138,Similique animi cupiditate quasi quaerat.,Garryfurt,http://www.mann.com/
1135,1309,Top give executive yourself focus.,Smithmouth,https://jordan-phillips.org/
1136,1477,Necessitatibus excepturi dolorum ratione harum.,Michaelburgh,https://kennedy.com/
1137,1231,Play happy hold may you its rule.,Jacobmouth,http://avila.edu.au/
1138,1260,Magni quo aspernatur sunt.,Blevinsburgh,https://www.evans.com/
1139,1070,Own ball goal or.,Frankside,https://www.montes-garcia.com/
1140,1230,Window point again.,Jerryport,http://www.morris.org.nz/
1141,1354,Impedit sunt atque ab.,Rangirua,http://rice.com.au/
1142,1228,Quibusdam occaecati sint laboriosam tempora officiis in.,Webbside,https://sutton-lane.com/
1143,1483,Ipsa earum fugiat distinctio nihil.,Travistown,http://www.moore.com/
1144,1253,Professional those ten condition control quality.,Hickmanmouth,https://www.jackson.co.nz/
1145,1331,Labore laudantium reprehenderit rem.,Willow Hill,https://newman.com/
1146,1064,Officiis natus aperiam architecto recusandae commodi asperiores.,Port Sue,https://smith-hughes.net/
1147,1311,Veniam minima quo occaecati itaque delectus.,South Traceyberg,https://www.lowe.com/
1148,1319,Error vel vero doloremque natus.,East David,https://www.leach.edu/
1149,1017,Recusandae dolore fugiat reprehenderit eligendi hic.,New Jonathan,https://www.adams.com/
1150,1193,Quia illo esse iusto atque praesentium velit.,Grahamland,https://sullivan.com/
1151,1235,Dolore recusandae sint dolor provident deleniti voluptates.,Latoyaborough,http://cunningham.info/
1152,1479,Illo expedita laudantium animi.,Harrisfort,http://www.francis.geek.nz/
1153,1123,Quis molestiae et ipsa.,Jenniferfort,https://wilkinson.biz/
1154,1112,Voluptas id illum optio impedit nisi.,Richardsonport,http://www.edwards.edu/
1155,1008,Ad modi beatae qui.,Kentchester,https://www.wood-williams.com/
1156,1311,Quis dolor nemo nobis.,East Juliabury,https://www.adams.biz/
1157,1021,Nesciunt laudantium voluptates facere.,New Guyfurt,https://weston.com/
1158,1006,Quaerat fugit magni commodi quas.,Carolynchester,http://www.moore-rogers.info/
1159,1272,Likely recognize toward including better treatment nor.,New Michael,https://www.ali.biz/
1160,1363,Temporibus dolore rerum illum.,Matthewton,http://www.cannon-joseph.com/
1161,1093,Expedita atque doloremque id fuga nulla rem.,Michellehaven,https://www.knight.com/
1162,1349,Deserunt repellendus reiciendis doloremque totam nobis hic.,New Danielview,http://ward-harvey.biz/
1163,1315,Nam dolorum doloribus recusandae sequi ex ratione.,Kowhaitahi,https://burton.net/
1164,1470,Non repudiandae aperiam sit veritatis eos reprehenderit.,Ricardoshire,http://aguirre.com/
1165,1343,Voluptatum accusantium rerum suscipit quis expedita voluptas a.,Rebeccastone,https://alexander.org/
1166,1306,Middle center community.,Lake Robertside,https://bradley.com/
1167,1168,Vel quo consequatur aspernatur itaque dolorum.,North Damian,http://www.oconnell.com/
1168,1222,Iure doloribus deleniti soluta repellendus sunt molestias architecto.,St. Tiffanyborough,https://www.church.net/
1169,1281,Doloremque amet necessitatibus magni cum enim ab.,Savannahborough,http://wright.com/
1170,1468,Necessitatibus voluptas necessitatibus.,Lake Johnburgh,http://www.moore.com/
1171,1035,Nihil similique neque quae fuga libero.,Mount Cooksleyland,http://williams.org.au/
1172,1004,Distinctio optio alias aspernatur.,Port Stacy,https://smith.net.au/
1173,1052,Team participant final well newspaper food.,North Molly,https://www.anderson.co.nz/
1174,1048,Assumenda repudiandae eaque ad harum facere.,Alveings,http://www.chan-bean.com.au/
1175,1428,Tempore temporibus odit sit corrupti reiciendis.,West Hadfieldborough,https://navarro.com/
1176,1018,Job arrive foot return form international mean.,Porongo,http://chen.com/
1177,1088,Ad veritatis est accusamus maiores doloremque.,Martineztown,http://www.dickson.geek.nz/
1178,1288,Dolores consequuntur quaerat eos blanditiis.,West Kimberly,http://www.stevenson-smith.com/
1179,1434,Libero beatae natus.,New Amandamouth,https://www.smith-brown.edu/
1180,1235,Suscipit eligendi rem saepe numquam.,South Johnland,http://simonsen.kiwi/
1181,1230,Velit quasi quidem harum incidunt vel quaerat.,New Pamelastad,https://parker.com/
1182,1385,Alias quos adipisci tempora placeat.,Port Stuart,https://www.duffy.co.uk/
1183,1090,Consequatur sed eligendi saepe itaque quidem nostrum unde.,West Charlesville,http://www.ballard.org/
1184,1100,Present skill environmental produce air.,Adammouth,https://reyes-walker.info/
1185,1159,Repellat adipisci occaecati recusandae eos.,East Janeview,http://www.matthews.org.au/
1186,1254,Repellendus dolorum eligendi sapiente.,South Christineberg,https://www.oneill.nz/
1187,1011,Similique atque temporibus nostrum aperiam optio adipisci labore.,Smithport,https://www.oneill.com/
1188,1411,Est nulla quis vel corporis voluptatibus accusamus veritatis.,Simpsonside,https://hall.com/
1189,1388,Voluptatibus delectus corrupti libero similique.,Hamiltonhaven,https://www.naylor.net/
1190,1410,Sed necessitatibus similique maiores omnis.,Meyerside,http://payne-mcdaniel.com/
1191,1293,Fugit velit maxime nam.,North Aliciastad,http://www.cox.org.au/
1192,1119,Natus assumenda perferendis reiciendis consectetur.,Jacobsburgh,https://gomez.edu.au/
1193,1122,Major side it event past.,Jenniferview,http://www.cruz.com/
1194,1370,Record over apply body put reason.,Brownport,http://www.alexander.com.au/
1195,1272,Fugit ipsum amet aspernatur.,Dawickstone,https://www.wilson.info/
1196,1179,Dolorem illo et sapiente.,Barryhaven,http://www.khan.com/
1197,1196,Upon inside threat save activity end financial test.,Harpertown,http://barnes-rodriguez.net/
1198,1302,Quam nihil cum nam perferendis.,Jennifertown,http://www.sanchez.com/
1199,1378,Libero eaque error iusto laudantium est.,Port Sandrafort,http://james-higgins.info/
1200,1294,Sit in enim temporibus at modi provident.,Charlesside,https://mason.com/
1201,1347,Mollitia fuga tenetur.,Korotangi,https://newton.biz/
1202,1130,Provident natus numquam.,Stevenside,http://www.jackson.net.au/
1203,1326,Eius provident at necessitatibus molestiae.,McKinnonton,https://www.johnson-dalton.net/
1204,1226,Policy world affect.,Gregorychester,http://www.bryant.ac.nz/
1205,1088,Officia tenetur occaecati dolorum laboriosam.,Alexandraside,https://www.hughes.com/
1206,1073,Unde tenetur consectetur sit sit dolores a sint.,Atkinsonmouth,http://morrison.edu.au/
1207,1093,Vel expedita nam veniam.,Woodton,http://james.com/
1208,1126,Rem dignissimos quas molestiae non.,Port Tamarashire,http://singleton.com/
1209,1243,Velit hic odit est minima.,North Nathanland,https://brooks.com/
1210,1113,Quae dolorum molestias occaecati ipsa commodi.,East Danielshire,https://www.mitchell-fox.com/
1211,1034,Aspernatur officiis maiores laudantium magni a.,New Nicole,http://willis.biz/
1212,1162,Placeat reprehenderit est ad mollitia.,South Fredericktown,https://www.hamilton-alvarez.biz/
1213,1279,Song individual cut staff concern condition eye rest.,Smithshire,https://www.davis.info/
1214,1295,Accusantium vitae ipsa commodi beatae magni voluptatum rem.,West Iain,http://www.baird.kiwi/
1215,1151,Minute somebody claim.,North Robertland,http://knight-chung.com/
1216,1036,Dolorum tempora ut nulla.,Johnsonstad,https://henry-hopkins.biz/
1217,1235,Tempore repudiandae id tenetur cumque ullam tenetur.,West Rickeyborough,https://flores.net/
1218,1018,Reality whom debate able authority check class.,Kawangauru,http://mercer.edu/
1219,1287,Magni eum dolorum amet perferendis illum commodi.,Jackstone,http://www.khan-jones.com/
1220,1131,Soluta nisi minima iure.,Lawrencefurt,https://mendoza.com/
1221,1084,Iste rem nulla necessitatibus odit nemo.,Whangapapapahope,http://www.barton.net/
1222,1248,Watch whatever head talk measure.,Jamesberg,https://lam.info/
1223,1315,Aliquam asperiores porro voluptatum culpa.,Matthewview,http://baker.com/
1224,1171,Create old under send all TV generation.,Tahiawawhare,http://www.gray-west.maori.nz/
1225,1260,Laboriosam suscipit natus hic.,Lake Marcus,http://russell-brewer.com/
1226,1075,Eligendi sequi excepturi laudantium temporibus.,Kawatanga,http://rogers.net.au/
1227,1380,Anyone fire sit.,West Andreamouth,https://www.ball-moore.com/
1228,1305,Commodi numquam ab vel tenetur sunt.,Jeanettechester,https://www.wood.kiwi.nz/
1229,1071,Consequuntur voluptas voluptatem doloribus quos iste.,East Crystalshire,https://www.turnbull-russell.com/
1230,1228,Consectetur vel nobis.,St. Janettown,https://www.guzman-thompson.info/
1231,1321,Nature talk side others.,New Kyle,http://www.robinson.org.au/
1232,1421,Maiores dolorem ducimus neque.,Booneshire,https://www.gonzales.biz/
1233,1111,Tempora cupiditate deleniti totam dicta.,Gibbonsside,http://gonzales.edu.au/
1234,1442,Nice cause voice hit able production assume.,North Donald,https://www.elliott.net/
1235,1190,Fuga tenetur incidunt vel ab.,Lake Barbara,https://nguyen.biz/
1236,1111,Quisquam velit inventore facere repudiandae.,Motupuke,http://rosario.com/
1237,1208,Deserunt a repellat neque at laboriosam cumque.,West Daniel,https://www.jones.biz/
1238,1292,Minus recusandae placeat alias reprehenderit.,Michaelmouth,https://smith.info/
1239,1107,Pressure listen him gas growth.,Taumoko,http://richards.com/
1240,1353,Accusantium modi asperiores exercitationem.,Stevenshire,https://davidson-jamieson.school.nz/
1241,1249,Race choice admit board modern dream on voice.,Roberttown,http://www.bowater.maori.nz/
1242,1317,Aut ducimus excepturi praesentium consequuntur doloremque molestias tempora.,Julianmouth,http://www.rhodes.com/
1243,1156,Expedita id accusantium mollitia nulla debitis.,Ericksonport,http://www.alvarez.biz/
1244,1185,Veniam sint cumque itaque dignissimos labore.,Port Heathershire,http://www.cunningham.maori.nz/
1245,1317,Nostrum consequatur tempora praesentium aspernatur illum.,New Alyssatown,http://www.baxter.org/
1246,1447,Voluptatem repudiandae nisi repudiandae in unde.,South Stephen,http://www.craig-simmons.co.nz/
1247,1362,Assumenda maxime quia veritatis laudantium placeat omnis.,Josephmouth,https://nelson.com.au/
1248,1480,Aut dolor necessitatibus labore velit ratione vitae blanditiis.,Martinezchester,https://fitzpatrick-khan.org.au/
1249,1457,Exercitationem culpa eaque modi consequuntur.,St. Christopherville,https://holloway.net/
1250,1149,Qui exercitationem occaecati pariatur molestias nemo.,Lake Shannon,https://kaufman.edu/
1251,1367,Explicabo eveniet dolores nobis ipsum.,North Jamestown,http://boyer-clark.com/
1252,1189,Ipsum sint asperiores tenetur quo.,Alejandraton,https://terrell-rowland.edu/
1253,1247,Enim nostrum tempora necessitatibus error nostrum.,West Charlottemouth,http://www.steele-brown.info/
1254,1129,Ratione suscipit itaque facere incidunt inventore.,Port Leslie,https://www.daniels.org/
1255,1484,Consequatur error maxime magnam impedit aliquam.,Matthewton,http://www.martinez.com.au/
1256,1297,Eum blanditiis suscipit quis.,Harristown,https://mistry.org/
1257,1090,Iure non pariatur fugit placeat at fuga reprehenderit.,Amandatown,https://www.ellis-taylor.com/
1258,1436,Appear under deep do challenge bank.,Sallyside,https://www.benson-cole.com/
1259,1060,Deleniti exercitationem quis cupiditate rerum ducimus.,West Stacy,http://fuller.kiwi/
1260,1277,Camera administration figure deep back according community standard.,Tahirohe,http://jackson.com/
1261,1338,Distinctio praesentium a magnam ullam.,Lake Jenniferfort,https://www.baker.biz/
1262,1374,Reprehenderit accusamus soluta numquam expedita voluptas.,West Margaret,https://perez-miller.biz/
1263,1418,Aliquid suscipit rerum aut veniam quasi.,Christopherchester,http://www.anderson.net.nz/
1264,1335,Fuga aut id quasi.,Leroyport,http://cohen-bishop.com/
1265,1103,Tempore fugit totam deserunt voluptates.,Daltonton,https://thomas.edu/
1266,1105,Alias velit at sit ipsa aut unde.,Barrhaven,https://morgan-turner.com/
1267,1261,Sense opportunity finally education down wall.,Jamesside,http://cunningham.com/
1268,1093,Magnam doloremque officiis.,Dominicport,https://www.harrison-nolan.com/
1269,1107,Suscipit nostrum perferendis illo odio recusandae iusto similique.,East Tyronebury,https://rodriguez.org.au/
1270,1393,Odit voluptatibus recusandae consequatur quas expedita optio quidem.,Thompsonneath,http://www.alvarez.net/
1271,1170,Try water mouth plant.,New Alexanderland,https://www.simmons.net.nz/
1272,1022,Repellendus corporis pariatur neque.,Jonesmouth,https://www.irving.net.nz/
1273,1056,Consequuntur maiores et aliquam.,Smallside,http://www.harris.net/
1274,1008,Non accusantium dolores ut harum numquam.,Gloriastad,http://lee.com/
1275,1455,Quidem magni doloribus incidunt modi cumque eos.,North Katy,https://www.gardner-mitchell.com/
1276,1367,Aliquam tempore corrupti soluta dolore doloribus harum.,Joannaburgh,https://www.callahan.com/
1277,1489,Sint consequuntur aliquam officiis reiciendis.,Port Marcus,https://www.dean.org/
1278,1212,Veniam fugit non.,Port Randy,http://parkin-roberts.com/
1279,1157,Temporibus quae ipsum cumque itaque at.,Nicholashaven,https://www.hill.com/
1280,1261,Omnis tenetur doloremque aliquam.,Frankport,https://www.case-white.com/
1281,1104,Eum iste atque dicta.,Maddoxfurt,https://adams-vargas.com/
1282,1448,Five blood dark.,Adamsview,https://www.orozco.net.au/
1283,1038,Tenetur libero eius expedita ipsum quaerat illo exercitationem.,East Shannonland,http://mcdonald-parrish.com/
1284,1382,Beatae hic aliquid dolorem.,West Rosieborough,https://osullivan-holland.kiwi.nz/
1285,1108,Ex explicabo architecto magnam blanditiis mollitia et.,New Kathleen,https://wood-moore.org/
1286,1203,Pariatur facere atque vel.,Scottgate,https://www.brown.com/
1287,1291,Accusamus ipsum aspernatur facere eligendi rerum dignissimos totam.,Steveton,http://www.lewis.net.au/
1288,1486,Consectetur modi adipisci necessitatibus.,Rodriguezfurt,http://www.rivera.info/
1289,1485,Corporis deserunt dignissimos optio quae consectetur atque.,Thomasview,http://www.ali-gomez.com/
1290,1131,Think thought audience fine likely color rock management.,West Jacob,http://www.wong.org.nz/
1291,1157,Qui et iure ratione velit sunt cum repellat.,South Melissaview,http://www.thomas-smith.com/
1292,1015,Ipsum deleniti error sapiente eius sequi.,North James,https://www.taylor.org/
1293,1223,Autem nulla ducimus nisi doloremque.,West Bradley,http://www.dixon.com.au/
1294,1348,Placeat repellat debitis corporis.,South Rachel,https://www.bennett.edu/
1295,1093,Sequi saepe officia ut in hic.,Morganberg,https://green.com/
1296,1355,Mind main likely memory speech city none from.,Joannaborough,http://green.biz/
1297,1276,Reprehenderit tempore cumque mollitia rem.,Port Robert,https://pearson.edu.au/
1298,1169,Impedit praesentium mollitia fuga.,Taylorport,https://whitaker.com/
1299,1453,Development town stuff force.,East Elizabeth,http://bull.co.nz/
1300,1402,Itaque similique voluptatem.,Mortonborough,http://russell.maori.nz/
1301,1409,Claim picture stop.,Ronaldside,https://www.miller.net/
1302,1197,Kind song feel white rise ok weight stop.,Barnettmouth,https://shannon.com/
1303,1227,Unde veniam quos hic inventore aut culpa.,Port Paulstad,http://www.nielsen-henderson.geek.nz/
1304,1067,Mind establish find hit action kind five.,Webbside,http://baker.com/
1305,1399,Ab deserunt aspernatur reprehenderit recusandae officia.,Enrightton,https://bell.net.au/
1306,1099,Prove total rest bar foot large.,West Andreport,http://www.allen-dean.school.nz/
1307,1299,Its Democrat pressure nor sister would matter talk.,Monicastad,http://hart-middleton.org/
1308,1230,Est repellat ea magnam a.,Webbburn,http://cochran.com/
1309,1264,Maxime nostrum quia quae.,Port Darren,http://richardson.net/
1310,1369,Black amount what red.,Lake Adrienneville,http://www.simmons.com/
1311,1297,Eveniet officia repellat voluptatibus temporibus.,Lisaburgh,http://www.chapman.geek.nz/
1312,1329,Qui autem itaque quibusdam sapiente.,East Lynda,http://www.wall-farley.com/
1313,1377,Officia soluta soluta in deleniti.,Hicksfurt,http://www.ramirez.edu.au/
1314,1245,Officia repellendus dolores dolore soluta.,Timothyfurt,http://www.pena-ruiz.com/
1315,1019,Excepturi natus modi excepturi temporibus quaerat suscipit consequatur.,Nicholsonborough,http://www.fisher.org/
1316,1416,Ipsum reprehenderit saepe deleniti adipisci dolorum.,Maunganui,https://owens-bennett.org.au/
1317,1241,Since traditional sing fine exactly lawyer.,Walshborough,https://ford-hoffman.biz/
1318,1106,Provident perspiciatis praesentium inventore.,East Mistyborough,http://www.christian-harris.biz/
1319,1446,Natus tenetur quaerat dolorem amet fugiat dolor voluptate.,Smithhaven,http://ho.com/
1320,1321,Illo ipsam minima excepturi.,Holmesmouth,http://www.robles-cruz.biz/
1321,1416,Reach war cause standard friend.,Jones Flats,https://www.tomlinson.biz/
1322,1047,At laborum corrupti consequatur quas.,Lake Jeffreychester,http://vazquez-holland.info/
1323,1068,Aut nihil numquam quae dicta esse.,Rohewhare,https://www.black-patchett.school.nz/
1324,1038,Commodi voluptatem natus expedita doloremque asperiores.,South Scottport,https://www.bailey-miller.biz/
1325,1109,Expedita maxime tenetur ducimus aut veritatis.,South Joelville,https://schmitt.org/
1326,1020,Ullam soluta corporis.,South Danny,https://www.todd-harper.org.nz/
1327,1472,Quis blanditiis quos aliquid harum maxime doloremque.,Snyderchester,http://www.mason.org.nz/
1328,1474,Nisi voluptatibus occaecati corrupti nam harum veniam magni.,Priceleigh,http://jackson.com/
1329,1392,Nulla laudantium explicabo harum vero error culpa.,North Ryan,https://www.forbes-armstrong.com/
1330,1450,Neque ab repellat iste repellendus dolorum.,New Liamview,https://evans-hawkins.biz/
1331,1165,Alias officiis perferendis consequuntur adipisci corporis.,Daltonside,http://www.chaney.org.au/
1332,1342,Nam provident id odit est.,West Angelatown,https://www.boyd.edu/
1333,1488,Suddenly same family hit many friend begin.,Pomaunga,https://tucker.com/
1334,1295,Quos cum voluptas repudiandae libero qui quam.,Williamland,https://www.wilson.com/
1335,1226,Exercitationem animi et repellat.,New Toddmouth,http://rocha.info/
1336,1310,Consequuntur at voluptatibus rerum vel consequatur.,Jimenezburgh,https://www.dickson-learmonth.kiwi/
1337,1187,Quasi ad magni eaque qui quisquam hic.,Josephside,https://www.jones.com/
1338,1181,Reprehenderit eaque assumenda eaque consequuntur error.,Lake Cheryl,http://www.guerrero.net/
1339,1149,Deserunt at nemo unde.,Marianville,http://www.grant.org.nz/
1340,1137,Facere ad quaerat architecto odit reprehenderit id adipisci.,Lake Sheilastad,http://briggs.net/
1341,1280,Velit odit enim officiis voluptatum perferendis placeat.,New Laura,https://www.walker.com/
1342,1356,Adipisci reprehenderit voluptatum ipsam perspiciatis maiores quisquam rem.,Geoffreyberg,http://www.wright-brown.info/
1343,1457,Numquam voluptate placeat quidem.,Cummingburgh,http://rowland.edu/
1344,1059,Whose Mrs item or.,Schultzville,https://www.francis.net/
1345,1135,Nesciunt unde iste excepturi.,Papapamatamakau,http://allen.com/
1346,1421,Ex assumenda laborum labore architecto officia.,North Janetberg,http://www.hall.info/
1347,1486,Optio ex molestiae molestias reprehenderit.,Langshire,https://gibson.net/
1348,1174,Minima provident ut quis.,Johnchester,http://oconnell-mclean.maori.nz/
1349,1318,Autem non placeat possimus libero eveniet.,North Carlburgh,https://www.mckay.ac.nz/
1350,1152,Natus vel alias accusantium praesentium.,Victoriamouth,http://www.lang.com/
1351,1372,Unde sint quidem rem.,North Wellsstone,https://www.stephens-mayer.net/
1352,1176,Eaque quasi ipsum voluptatum nihil consequuntur dolor temporibus.,McKayport,https://nixon.org.au/
1353,1490,Dolorem omnis error ut id autem.,Barnettland,http://lloyd-hernandez.info/
1354,1335,Husband address someone other.,High Jamiesonhaven,http://www.arnold-jones.com/
1355,1439,Quis rem deserunt saepe quidem atque.,Chadmouth,http://www.kaur-bartlett.biz/
1356,1249,Sell play throughout artist building.,Gomezside,http://hines.org/
1357,1285,Aliquid quis unde provident nulla.,Englishtown,https://brooks.com/
1358,1400,Modi ea laborum.,Drummondside,https://www.colon-hayes.net/
1359,1000,Harum atque neque maiores.,Jameshaven,https://jensen.ac.nz/
1360,1460,Enim atque alias quidem.,Katelynmouth,https://www.bright.com/
1361,1220,Ratione pariatur optio iste est unde.,Lake Charlotte,http://www.simmons.com/
1362,1049,Ipsa quidem rerum delectus optio quibusdam reprehenderit.,South Megan,http://www.goodwin.com/
1363,1226,Delectus neque atque occaecati unde.,North Heather,https://www.riley-arnold.com/
1364,1476,Labore quisquam blanditiis sapiente.,Jarvishaven,https://galvan-mitchell.biz/
1365,1203,Facere officia modi quisquam quos harum vero unde.,Lake Hannahstad,https://williams.com/
1366,1171,Note property role avoid group.,Nicolefurt,https://clark-long.com/
1367,1408,Placeat nulla nemo fugiat tempore laudantium.,Shawberg,http://www.allen-douglas.com/
1368,1112,Fire station soon institution know short who.,Thompsonshire,http://peterson.maori.nz/
1369,1040,Sunt animi dolore nemo tempora molestiae exercitationem.,Whiteberg,https://strong.com/
1370,1461,Analysis team will discuss.,Awaiti,https://www.andrews-james.org/
1371,1015,Perspiciatis neque repudiandae officia.,Dominiquemouth,https://mckay-fuller.co.nz/
1372,1474,Delectus suscipit cupiditate iste illo eligendi officiis.,St. Sandramouth,https://allan.org.nz/
1373,1202,Explicabo autem consequuntur.,New Shannon,https://www.freeth-woolley.school.nz/
1374,1381,Molestias delectus ex corrupti quia.,Mohammadberg,https://armstrong-hernandez.biz/
1375,1027,Mention imagine base animal important.,West Michael,http://www.larson.net.au/
1376,1140,Dolores reiciendis quibusdam modi.,New Tim,http://www.richardson-howells.info/
1377,1274,Repellendus maiores totam eveniet.,Tipumotutapu,https://www.farmer-johnson.net.au/
1378,1426,Porro veritatis facere nihil officia eveniet unde.,Wakakowhai,https://www.carr.com/
1379,1431,Laboriosam ad odit quos nemo quam.,South Frank,http://www.morton.org.nz/
1380,1325,Accusantium repellat quae.,New Julieborough,https://mitchell.kiwi/
1381,1253,Adipisci repudiandae quis.,Wakamata,http://mitchell.org.nz/
1382,1099,Accusamus veniam modi sequi et officiis atque expedita.,Wakatahi,https://www.hughes-knight.com/
1383,1297,Sed nobis atque et voluptatibus asperiores.,East Keith,http://www.villarreal.com/
1384,1390,Ea quas occaecati.,Mistychester,https://www.gleeson-harris.net.nz/
1385,1251,Matter conference recently sometimes occur effect.,Munozland,http://www.watson-wallace.com/
1386,1140,Reason have drug total teacher letter.,South Darius,https://arnold-zamora.info/
1387,1123,Fugiat ipsa id.,Poawangauru,http://phillips-webster.geek.nz/
1388,1315,Consequatur cum sint nobis tempora.,New Alexandra,https://chambers.com/
1389,1411,Quos earum odit ratione error.,Kowhaipapapa,https://www.rivera.edu.au/
1390,1453,Molestiae animi veritatis beatae facere autem ipsum omnis.,Marying,http://castro.biz/
1391,1404,Hic quaerat est expedita ipsum.,Samanthamouth,http://www.mitchell.biz/
1392,1184,Alias est magnam itaque officia voluptatem.,Hunterside,https://mcleod.net.nz/
1393,1364,Cause structure than camera here.,Rangirongohanga,http://www.garcia.net/
1394,1490,Front west even force few.,Freemanville,https://www.lewis.co.uk/
1395,1061,Explicabo blanditiis praesentium dignissimos quos soluta.,Rivasburgh,http://hall-barker.com/
1396,1411,Dog tonight room include wrong.,East Lindsaybury,http://ramsay-mackenzie.ac.nz/
1397,1056,Remember image pretty feeling.,Lake Lesley,https://www.hogg.kiwi.nz/
1398,1150,Molestiae impedit assumenda consectetur.,North Nicholashaven,http://smith-boyd.org/
1399,1028,Molestias accusamus ullam.,Baxterport,https://waters.geek.nz/
1400,1352,Provident consequuntur architecto in molestias pariatur.,Terewakawhitu,http://www.knight-gill.ac.nz/
1401,1120,In asperiores provident optio dolorem veritatis.,West Michael,https://www.bond.net/
1402,1177,At asperiores quo magnam eaque accusamus.,Teretereroa,https://gutierrez.com/
1403,1235,Totam mollitia enim dolor temporibus.,Annettebury,http://weaver.biz/
1404,1087,Sint adipisci tempore accusantium enim libero.,St. Kennethfurt,http://www.gonzalez-salinas.net.au/
1405,1462,Earum quae nostrum quod exercitationem nisi pariatur illo.,Danielmouth,http://www.jones-neal.geek.nz/
1406,1393,Eos maxime doloribus nihil nesciunt rerum labore.,Middlemiss Hill,https://gregory.info/
1407,1025,Respond kind outside sell federal recognize yard lead.,Danielleside,http://clarke.geek.nz/
1408,1246,In facilis eos porro ea eum.,Mokotahi,http://www.hussain-warren.com/
1409,1443,Animi itaque nisi.,Khanmouth,https://www.robert.net.nz/
1410,1186,Harum eligendi debitis quibusdam.,Eglintonland,https://north.kiwi/
1411,1353,Dolorum non sequi alias omnis repudiandae perspiciatis.,Amandatown,http://www.duncan.com/
1412,1101,Voluptas veniam tempore saepe facere sequi illo.,Pierceland,https://williams.com/
1413,1348,Hotel allow paper seek box window administration.,New Rogermouth,http://www.day-hall.com/
1414,1044,Placeat ab eveniet eaque numquam tempora.,East Georgia,http://madden.com/
1415,1153,Happen like listen most American agreement.,West Yvonne,https://morgan-chan.info/
1416,1060,Bank size physical six.,Edmondsgate,https://www.jordan-king.com/
1417,1016,Commodi nobis aut rem ab aperiam sint.,New Adam,https://www.stevens-duffy.biz/
1418,1176,Maiores odit blanditiis veniam eveniet assumenda.,Tylerfort,http://www.macdonald.com/
1419,1183,Deleniti ea nobis molestias temporibus.,Walkermouth,https://salazar-reyes.info/
1420,1078,Adipisci necessitatibus fuga eius repellat ea laudantium.,Williamsmouth,http://www.stevenson.kiwi/
1421,1423,Amet itaque officiis fuga maxime nobis inventore iure.,Lopezborough,http://claridge.kiwi/
1422,1314,Blanditiis voluptate cum reiciendis deserunt.,Taiawarongo,https://www.harris-brandt.com/
1423,1296,Child might strategy stay yourself better control.,Hawkinsstad,https://howarth.com/
1424,1016,Public evening case consider build hand.,Smithfort,https://castillo.com/
1425,1063,Ipsum dolorum nostrum quo labore.,Riverafurt,https://cordova.org.au/
1426,1378,Repellendus deleniti nisi ullam sapiente.,Rongoiti,http://www.wright.com/
1427,1158,Magni perferendis accusamus totam.,New Natasha,https://thompson.maori.nz/
1428,1486,Ipsa qui ullam ab.,Jacobhaven,http://howard.edu.au/
1429,1315,Odit architecto qui ducimus est.,Lake Sandraside,http://boniface-tapp.geek.nz/
1430,1126,Pariatur commodi magnam eaque.,East Adamtown,https://bell.net/
1431,1183,Eaque rerum rem ab neque harum neque ducimus.,Lindseytown,https://allen.com/
1432,1290,Fine three term never hot science action do.,Pokowhai,http://www.martin.com/
1433,1423,Porro iusto fugiat.,North Amber,https://coleman-holt.com/
1434,1118,Quam aliquam nihil vitae quia.,Port Amanda,https://www.freeman.org/
1435,1369,Decide still key its.,Ianbury,https://camacho.edu.au/
1436,1432,Fugiat impedit iste sed sed voluptatibus.,Robertsshire,https://sosa.net/
1437,1123,Nihil recusandae quis alias corrupti eveniet eaque.,Davidchester,https://www.valdez.edu/
1438,1456,Laudantium voluptate fugiat excepturi reiciendis dicta.,Suttonton,http://russell-rowlands.org.nz/
1439,1110,Nisi incidunt voluptatum ratione.,Tracyton,https://snyder.edu/
1440,1291,Culpa nobis voluptatem natus nulla consequuntur.,North Katie,http://www.davis.com.au/
1441,1263,Qui voluptatibus illo quod ducimus magni.,North Phillip,http://myers.com/
1442,1287,Explicabo accusamus eaque at.,Cookhaven,http://www.lee.org/
1443,1245,Clearly whom car for.,East Ben,https://jones.com/
1444,1073,Assumenda officiis earum provident ipsam expedita.,Choiport,https://thomas.com/
1445,1372,Dicta error iusto ut nemo maiores iste.,Rangimaungahanga,http://gould-mann.com/
1446,1003,Placeat totam facere dolores non consequatur eveniet.,Watsonburgh,http://www.turner.com/
1447,1144,Check discuss quickly suffer forward enter away media.,Dillonmouth,http://www.mercer.nz/
1448,1376,Minima eum nisi enim minus rem maxime.,South Guytown,http://lopez.com/
1449,1229,Aliquam praesentium amet.,Brucebury,https://www.hart.com/
1450,1137,Quas distinctio in qui similique.,North Joshua,https://www.mcgregor-burns.school.nz/
1451,1053,Illum autem assumenda voluptate reprehenderit.,West Sharonstad,https://banks-hobbs.net/
1452,1022,Numquam quo accusantium quod consequuntur voluptatem.,Duranstad,https://www.bird.com/
1453,1438,History approach create rest lay.,West Anthony,http://combs.net/
1454,1202,Temporibus assumenda natus expedita tempore sunt.,West Melissastad,https://stratton.school.nz/
1455,1301,Commodi necessitatibus quaerat ducimus dolor quod.,North Karl,http://woodard.info/
1456,1191,Ipsa minima voluptatem hic in molestiae repellendus.,Richardsonview,http://graham-morris.info/
1457,1118,Et ab saepe repellendus impedit quod molestiae.,East Jeffreychester,http://beltran.com/
1458,1281,Commodi sit iure iusto.,Port Frederick,http://patterson.com/
1459,1416,Quod earum officiis veniam.,East Amy,https://holloway.kiwi.nz/
1460,1137,Provident aut quae iure.,Amandamouth,https://johnson.edu/
1461,1381,Ut magnam eveniet.,Jasonmouth,https://robinson.com/
1462,1453,Porro aut consequuntur tenetur minus autem ex accusantium.,Youngmouth,https://cooper.com/
1463,1271,Color same however for.,Kowhainui,https://www.bailey-watkins.school.nz/
1464,1434,Capital how almost lawyer response task why study.,Matakowhaitere,http://www.smith.org/
1465,1349,Deserunt reiciendis error in tempora.,East Joel,https://www.figueroa.info/
1466,1231,Et dolorum eum explicabo ullam.,Mount Stokesside,https://www.lawrence.edu/
1467,1179,Expedita omnis culpa quidem.,Taylorside,http://www.jones.com.au/
1468,1494,Dolores fugit quidem quia itaque similique maxime.,West Anne,https://butler-mejia.com/
1469,1170,Quae alias eos aliquid magnam a.,South Samanthaton,http://www.mills.com/
1470,1061,Occaecati necessitatibus vero pariatur optio.,Erinborough,http://hamilton.nz/
1471,1206,Distinctio quod autem necessitatibus ea.,St. Linda,https://white.biz/
1472,1074,Accusantium quia tempora.,South Christina,https://archer.com/
1473,1311,Quas debitis ea corrupti optio eaque enim.,Mokomataroa,https://www.hickey.maori.nz/
1474,1069,Veniam architecto nisi.,Port Michaelshire,https://www.harrison-salazar.com.au/
1475,1141,Enim vitae ducimus impedit repudiandae officia vitae.,New Valerie,http://www.tran-nelson.biz/
1476,1097,Nihil facere cum earum.,Sarastad,http://harris-ritchie.geek.nz/
1477,1041,Optio voluptatem corporis quam.,Michelleshire,http://www.gonzalez.org/
1478,1320,Magni nulla voluptate quasi illum delectus.,Port Perrinmouth,http://www.nicholls.biz/
1479,1345,Natus pariatur vero corporis odit cupiditate hic.,South Kate,http://diaz-lopez.com/
1480,1275,Raise hot debate arrive.,Whangarangimotu,https://robles-owen.org/
1481,1418,Consequatur assumenda itaque ipsam optio.,Parsonsmouth,https://www.mills.com/
1482,1149,Est aliquam debitis eos.,Castanedachester,http://www.carr-carter.net/
1483,1016,Assumenda reiciendis totam asperiores unde dolores.,South Louise,http://www.burnett.org.au/
1484,1401,Vel voluptatem delectus doloremque minima.,Kevinborough,https://www.ibarra-thompson.net.au/
1485,1107,His main glass your room.,East Briantown,https://adams-mcfarland.net/
1486,1325,Dolores ipsam nostrum suscipit.,Lake Joanne,http://www.atkins-lopez.edu.au/
1487,1437,Cumque deleniti architecto ratione autem quaerat vitae.,South Marcus,https://www.barnes.kiwi.nz/
1488,1027,Dolores architecto odio hic eligendi itaque adipisci ullam.,Taylorleigh,http://wilkerson.org.au/
1489,1048,Character former nice hotel manage.,Port Melanie,https://www.simon-rogers.biz/
1490,1379,Soldier could let model leg position.,Lake Nancymouth,http://www.hogg-foley.nz/
1491,1273,Non earum voluptate omnis consequatur.,East Stephenbury,https://torres-kelly.com/
1492,1475,Consequuntur iure cumque perspiciatis.,Tylerport,http://www.johnson.net/
1493,1234,Ducimus iste veritatis fugit libero commodi.,New Amberburgh,http://www.york-scott.ac.nz/
1494,1060,Voluptates magni nobis.,West Antonioberg,http://hernandez-rios.com/
1495,1225,She doctor TV process system available bag option.,Port Shanefurt,https://www.johnstone.kiwi/
1496,1258,Est incidunt voluptas illo quia.,West Steveland,http://www.barnett.kiwi.nz/
1497,1092,Tough do despite section actually.,Brianstad,http://evans.org/
1498,1451,Eveniet reprehenderit rerum maxime.,Port Charlesshire,http://jenkins-searle.ac.nz/
1499,1494,Tempora quisquam autem architecto vero aspernatur dignissimos.,Lisa Hill,https://www.johnson.com/
