user_id,username,full_name,email,phone,created_ts
1000,paultaylor,Tyler Schultz,mhansen@example.com,0909 8790145,2020-06-17T22:39:08
1001,jamesgarcia,Daniel Sharp,dlane@example.net,809.230.3355,2020-05-25T22:41:45
1002,jill90,Tony Jones,julieburnett@example.com,558.772.5667,2020-11-23T20:48:21
1003,nnelson,Gerald Diaz,debrafranklin@example.org,+44161 496 0081,2020-06-10T12:03:25
1004,ztorres,Todd Ellery,jacobmccormick@example.org,+441314960973,2020-04-20T10:40:40
1005,hsmith,Elliott Roberts,christy48@example.com,468-319-3606 x369,2020-04-25T22:53:08
1006,obrown,Christopher Nelson,david39@example.com,(028) 9018 0353,2020-07-11T06:49:24
1007,john64,Leslie Smith,christianchristina@example.net,+44(0)306 9990500,2020-06-06T19:26:14
1008,ubennett,Scott Miller,lanelucy@example.org,+441164960563,2020-06-06T23:26:39
1009,deborahmckenzie,Paul Diaz,joygreer@example.com,0114 4960945,2020-07-16T01:07:12
1010,jimenezkimberly,Todd Gray,lkaur@example.org,021 537 6820,2020-11-30T17:03:45
1011,hookolivia,Tracy Hooper,jeffreyholland@example.com,+64 6 848 7918,2020-09-14T23:21:42
1012,bellvanessa,Amanda Miller,nporter@example.com,+448081570168,2020-10-25T04:31:04
1013,elane,Gregory Brown,pware@example.net,+61-466-919-307,2020-10-27T17:12:55
1014,ireynolds,Dr Martyn Tucker,josephyoung@example.com,+61.488.225.734,2020-05-31T16:10:33
1015,bruce13,Clare Clarke,lesley55@example.org,0422 768 754,2020-05-12T03:33:16
1016,moorederrick,Robert Ortiz,wkim@example.com,1-366-196-1927,2020-12-30T19:53:17
1017,rodriguezbradley,Miss Carol McCarthy,turnbulljack@example.net,+1-232-606-4239x985,2020-04-14T01:38:19
1018,tnicholls,Brittany Carter,kochjoseph@example.net,(703)656-4364,2020-10-30T18:16:00
1019,iglover,Fiona Cumming,watsonalexa@example.com,(08) 9676 8347,2020-01-10T08:02:59
1020,amy71,Daniel Peck,barbarabryant@example.org,(03)02108051,2020-03-06T02:17:52
1021,schultzangela,Patricia Mcguire,bsloan@example.org,0487-351-143,2020-10-05T21:30:12
1022,thompsonkayleigh,Michael Tucker,tcharles@example.net,(020) 908 7390,2020-02-04T08:49:55
1023,sharpryan,Benjamin Hart,masseyjennifer@example.net,08-8609-2118,2020-09-10T22:40:20
1024,kdunn,Tammy Hanna,adamsallan@example.org,(632)576-6901,2020-12-04T13:21:56
1025,davidsonkatelyn,Eric Jones,ffaulkner@example.com,07 7646 5956,2020-05-11T22:09:39
1026,harriet01,Andrew Wise,vchavez@example.org,+64296915850,2020-10-17T23:19:41
1027,tashley,Carol Jones-Myers,robin84@example.com,+61.431.407.621,2020-04-29T23:28:44
1028,rfigueroa,Anna Miles,kennethsmith@example.net,(04) 1152368,2020-11-09T10:04:57
1029,michaelbrady,Claudia Wright,fostercharles@example.net,0859913416,2020-07-11T10:19:39
1030,mlane,Dr Kieran Nelson,joshua54@example.com,+44909 879 0926,2020-11-24T23:06:17
1031,billylynch,Anthony Neal,wellsella@example.com,1 (865) 688-0591,2020-11-11T17:59:51
1032,chrismitchell,John Wiley,lisanorman@example.com,(09) 8533867,2020-09-16T04:24:42
1033,amber19,Simon Nolan,smithchristopher@example.net,+4429 2018 0258,2020-04-24T23:27:34
1034,david95,Rachel Doyle,michael35@example.org,(07).0812.3143,2020-02-28T17:18:27
1035,hubbardtrevor,Tyler Baker,jay49@example.net,0468.776.747,2020-06-11T15:35:56
1036,katrinaharris,William Willis,gordonthompson@example.com,(06) 734 3466,2020-01-30T20:34:05
1037,taylorstuart,Brooke Massey,georgegina@example.net,(660) 406-8481,2020-12-30T08:46:32
1038,glenn27,Abdul Kelly,dunnantonio@example.com,(022) 1656817,2020-11-01T06:45:29
1039,smithjoan,Jennifer Howard,mark29@example.org,4241 7750,2020-05-31T19:15:43
1040,rmorgan,Dalton Collins,lisa38@example.com,299-8660,2020-07-22T17:06:18
1041,qscott,Dennis Ryan,aaron17@example.net,750-759-2786x3267,2020-07-17T11:15:07
1042,mgonzales,Gareth Anderson-Perkins,heather74@example.net,5610-7357,2020-02-09T03:11:33
1043,brownmegan,Kathryn Hamilton,thomas67@example.org,0191 498 0303,2020-08-28T12:57:55
1044,andrea70,Adam Lawrence,bennettbenjamin@example.com,001-423-929-9355,2020-12-11T04:59:26
1045,alexanderwood,Robert Conrad,fvega@example.net,1 (227) 643-7481,2020-12-27T20:41:28
1046,marshallmegan,Judith Craig,nguyenjessica@example.net,(797)223-4942x41422,2020-10-22T01:48:49
1047,lpetersen,Angela Thomas,hernandezdorothy@example.com,848-860-0335,2020-04-17T16:05:31
1048,wshaw,Anna Reyes,kevinalvarez@example.net,020 74960546,2020-01-14T11:54:45
1049,thompsonbarbara,Janice Patterson,thomasdebra@example.org,8693.3330,2020-07-24T11:34:17
1050,kellyhart,Ryan Henry,wgardner@example.com,(667)885-5877,2020-05-11T18:16:02
1051,uhughes,Melissa Carlson,rwilliamson@example.com,+61276850682,2020-06-23T06:46:40
1052,robinhawkins,Yolanda Chavez,pwade@example.net,+44131 496 0022,2020-05-01T10:08:49
1053,aclark,Alexander Patterson,michaelscott@example.net,+61.3.2830.2127,2020-11-02T22:50:48
1054,villegasmeagan,Bryan Matthews,gilbertanthony@example.org,+64-6-615-1177,2020-02-04T03:49:37
1055,swebb,Timothy Mendoza,kylejordan@example.org,03069990492,2020-10-15T01:23:43
1056,zspencer,Elliott Brown,aking@example.com,146-897-5452,2020-03-08T04:17:30
1057,mccarthygrace,Jeffrey Stephens,hannahcarter@example.net,+61-461-662-653,2020-08-22T16:19:21
1058,brandonanderson,Justin Morrison,iharvey@example.net,9390398,2020-01-08T02:25:02
1059,ericstuart,John Kelly,davidboyce@example.org,406.911.5208x312,2020-07-08T20:37:25
1060,wdixon,Tyler McMahon-George,hillmathew@example.com,020 74960988,2020-08-16T01:47:15
1061,john63,Anna Hoare,johnreid@example.com,484.733.0587x87825,2020-04-30T01:22:12
1062,afernandez,Miss Gemma Thomas,leonardjay@example.com,028 9018804,2020-12-06T09:38:46
1063,victor59,Melissa Kelly,crystalbrown@example.net,(03)-8262-9918,2020-01-31T21:53:24
1064,mccoymichael,Teresa Cole,francesca52@example.net,+1-626-513-0205x2440,2020-08-29T21:18:17
1065,zboyd,Patrick Jimenez,bstokes@example.org,+44(0)28 9018 0188,2020-01-30T07:39:23
1066,mpollard,Paul Blake,olsendavid@example.org,(07) 0940 0663,2020-06-01T21:30:02
1067,imartin,Philip King,claire18@example.com,+44151 496 0938,2020-06-13T22:57:35
1068,kevin45,Rebecca Jones,wrightjulian@example.com,+61.474.650.867,2020-10-23T07:02:31
1069,rberg,Angela Lopez,christophermarshall@example.org,0464-110-745,2020-02-08T18:01:56
1070,daniel64,Joseph Hill,lharrington@example.net,951.839.0493,2020-02-09T07:09:22
1071,bwalters,Dylan Meza,rosevanessa@example.com,+64 7 381-2715,2020-03-30T23:42:38
1072,rsutton,Christine Willis,stephanie30@example.org,818 499 6438,2020-12-01T00:32:05
1073,greerjonathan,Miss Alicia Wilson,glenn54@example.net,(0306) 9990013,2020-03-27T11:17:57
1074,jonesbecky,Christina Torres,andrewmorrison@example.net,(07).8647.8267,2020-02-25T18:56:52
1075,kennyhayden,Ashley Porter,mpayne@example.net,(579)858-0386x9828,2020-03-02T10:26:00
1076,coxiain,Mr. Derek Smith,nicholasbooth@example.com,020 74960953,2020-05-09T06:29:36
1077,ngates,Tommy Miller,gary72@example.net,803-243-5170,2020-08-18T12:51:41
1078,alison29,Patricia Green,jacobjensen@example.org,+61.491.185.132,2020-01-03T11:01:36
1079,austin45,Sonya Oliver,hussainbenjamin@example.org,(0191)4960492,2020-09-17T10:38:22
1080,hansontracy,Bradley Washington,crystal42@example.org,0411-722-386,2020-07-03T12:46:22
1081,williamglover,Michael Gibson,kyle78@example.com,519-560-0602,2020-05-01T08:26:01
1082,zarmstrong,Heather Ali,doylecallum@example.org,+64 29 771-5593,2020-06-17T07:29:14
1083,clarepowell,Debra Freeth,bmoore@example.net,(779)978-6960x303,2020-02-25T23:31:34
1084,collinsryan,Heidi Ramirez,ohall@example.com,1 (964) 401-8582,2020-08-02T10:01:51
1085,lukeadams,Beverley Mann,vmcewen@example.net,489-331-9244x389,2020-05-05T07:09:23
1086,parkestimothy,Kim Escobar,kimsmith@example.com,+44113 496 0417,2020-01-09T12:27:00
1087,wendymcgill,Derek Stanley,gabriel86@example.net,+61 8 8478 3090,2020-09-17T14:11:07
1088,nayers,Victoria Miller,garnerkim@example.org,+44(0)117 4960820,2020-07-15T08:48:56
1089,justingreer,Tonya Woodward,zthomson@example.com,+442074960684,2020-04-01T14:35:36
1090,cassandramartin,Lucy Anderson,donnasuarez@example.org,(0117) 496 0903,2020-01-11T05:41:53
1091,melody82,Phillip Smith,russell60@example.net,790-372-9978 x169,2020-07-06T14:00:24
1092,hcantu,Tracy Smith-Thompson,alewis@example.com,5904 5081,2020-01-06T23:20:41
1093,lindsey52,Benjamin Norman,normanjennifer@example.org,(849) 004-6908,2020-02-19T06:08:54
1094,bwatts,Miss Jacqueline Patterson,francespearce@example.com,(836)594-6956x4169,2020-03-02T08:38:07
1095,fischermax,Guy Carroll,robert36@example.net,+64 27 3783528,2020-10-03T13:44:28
1096,bensonchristine,Eileen Watson-Pearce,christinehicks@example.org,+61.436.102.190,2020-03-16T00:38:02
1097,lowkane,Thomas Singleton,david49@example.org,+1 (777) 199-7891,2020-01-17T08:14:30
1098,anadyer,Maria Byrne-Ward,ycastro@example.net,(170) 930-3509,2020-10-15T21:18:34
1099,ben52,Penelope Hansen,emilyneal@example.com,570.789.1791,2020-01-11T16:27:39
1100,joshua33,Leah Gibson-Ford,benjamin86@example.org,230.879.7824,2020-06-26T12:29:06
1101,xaviermarshall,Zoe Cox,elizabethmoreno@example.com,(924) 725-6950,2020-12-04T08:20:15
1102,erichall,Mr. Bradley Ellis,albert81@example.com,2206894,2020-04-21T05:00:34
1103,miarodriguez,Melissa Williams,taylormartin@example.com,(116) 616-4950,2020-07-04T21:01:10
1104,dgutierrez,Maria McGill,paul45@example.com,910.356.1941,2020-03-07T23:13:09
1105,vincentgutierrez,Jasmine Barker,urussell@example.net,(258)668-9211x94928,2020-03-12T14:35:44
1106,martinezcarrie,Christina Burns,terencewilliams@example.org,07 2180 0905,2020-01-16T05:23:23
1107,nguyenscott,Anthony Moyer,amy95@example.org,7083359549,2020-12-05T08:27:11
1108,andrew26,Paul Gamble,aaronwebb@example.org,+61257846784,2020-11-17T18:06:42
1109,kmack,Joanna Clarke,carlos89@example.org,08 6311 4729,2020-06-09T22:48:40
1110,marie89,Carly Henry,jeffrey38@example.com,022 713 7574,2020-04-27T01:32:21
1111,joneskimberly,Simon Mason,brandonhall@example.org,(973) 997-3286 x646,2020-10-16T10:05:30
1112,christine05,Emma Scott,mathewjones@example.org,1709 5105,2020-08-22T05:15:00
1113,iwoodward,Ashley Parker,donald30@example.net,0471-629-409,2020-06-18T02:59:07
1114,nancy85,Cindy Nguyen,kristen81@example.com,(650) 257-5501,2020-03-21T22:14:34
1115,choimatthew,Jean Smith,xsmith@example.org,+44141 4960008,2020-02-26T16:03:46
1116,hannah76,Jo Perez,mchavez@example.org,+64 21 1878866,2020-07-15T23:05:18
1117,qallen,Brenda Henry,gcook@example.org,54864485,2020-06-08T14:51:57
1118,xjohnson,Malcolm Newman,lmorris@example.org,+44113 496 0843,2020-05-01T08:35:18
1119,lopezelizabeth,Alan Chandler-Hancock,bradymichael@example.net,+44(0)1514960626,2020-09-07T11:04:07
1120,aaron75,Andrea Johnson,maurice11@example.net,+44118 4960510,2020-01-22T09:17:26
1121,nicole83,Christopher Sawyer,millsrachel@example.com,01632960030,2020-12-18T00:56:07
1122,oandrade,Anthony Stokes,brookesjemma@example.net,021 651 8542,2020-04-04T02:02:13
1123,lewisshelly,Damien Bell,stephenramirez@example.net,+64 22 673-0385,2020-01-23T09:03:25
1124,ywatkins,Sharon Fox,figueroajessica@example.net,+441914960719,2020-09-04T22:52:08
1125,nicholsjesse,Jennifer Oliver,ywood@example.org,001-726-913-1503x38651,2020-05-26T04:23:40
1126,michaelboyle,Victor Schaefer,jessicablake@example.com,02 4048 8051,2020-04-26T02:53:51
1127,carl02,John Short,jared39@example.org,3781.8008,2020-12-28T09:47:40
1128,xlarson,Miss Sheila Ford,ujohnson@example.net,+64 9 867 0149,2020-03-26T02:11:29
1129,uphillips,Christina Jones,amandaflores@example.com,1098-0619,2020-07-19T17:39:19
1130,jamiesonpaula,William Bryant,lthompson@example.org,812-041-7480,2020-08-29T04:54:44
1131,gilbertmary,Richard Hernandez,pbarnes@example.net,06 3060317,2020-01-19T15:04:37
1132,sspencer,Alex Hicks,david31@example.com,470 890 0352,2020-01-02T00:37:16
1133,victorball,Christopher Sanchez,efletcher@example.com,5747462802,2020-10-03T17:47:50
1134,lrussell,Javier Fisher,blair99@example.net,274-035-5028 x104,2020-12-17T11:54:06
1135,hickeydean,Daniel Jackson,porterroger@example.com,105 5370,2020-04-21T18:54:33
1136,clarkemichelle,Patricia Johnson,chloe25@example.com,+44909 879 0993,2020-06-10T08:23:31
1137,tanderson,Michael Terry,christopher51@example.org,+44118 4960080,2020-02-04T02:05:54
1138,susanmclean,Kimberly Roman,garry11@example.org,(027) 931 1478,2020-07-23T00:00:47
1139,arobinson,Rebecca Jacobs,ninaphillips@example.com,2975.9574,2020-02-16T22:40:01
1140,samuel77,Cheryl Odonnell,aimeecharlton@example.com,+4429 2018184,2020-01-19T12:00:50
1141,tdoherty,Justin Bryan,dwalton@example.org,03 467 6456,2020-02-05T05:54:44
1142,tina44,Heather Prouse,josephmorris@example.net,04-874-5857,2020-05-01T09:26:10
1143,kimberley16,Dennis Fletcher,samanthalee@example.org,+61.413.617.594,2020-01-12T19:34:30
1144,donaldlowe,Jill Thomas,victorrowland@example.org,(456) 295-7159 x535,2020-05-14T20:07:16
1145,benjamin91,Thomas Aguirre,wrobinson@example.net,(298)829-6602,2020-10-04T18:56:55
1146,leanne61,Hazel Cooke,barnettjesus@example.org,06 893 2023,2020-05-19T17:36:19
1147,fowlerjoanna,Alana Reid,cherylsuarez@example.com,+64-20-715-2528,2020-06-23T15:06:23
1148,brian06,Alexander Diaz,imiller@example.com,0116 496 0920,2020-12-09T17:21:43
1149,dyates,Anthony King,leah56@example.com,1 (929) 805-4972,2020-09-03T00:13:50
1150,victoria85,Dillon Valencia,danielnelson@example.net,(277)565-5209x2774,2020-09-06T14:12:59
1151,fowlersamantha,Curtis Delgado,michelle57@example.org,(0118)4960312,2020-11-11T00:16:21
1152,davidbenson,Alexander Pena,spencer09@example.org,+61.8.6220.7664,2020-07-28T21:48:22
1153,adamnguyen,Angela Rees,hjones@example.org,354-691-2757,2020-02-15T21:45:45
1154,john40,Mary Jones,lynnsmith@example.net,07-442-1290,2020-03-23T05:31:01
1155,daviddaugherty,Roger Harris,malcolmwallis@example.net,+61 7 9334 0149,2020-06-23T19:08:05
1156,perezkim,Monica Rodriguez,margaret39@example.com,(027) 844-7474,2020-08-10T23:00:52
1157,erose,Abigail Collins,janicebell@example.net,+441164960040,2020-04-26T23:04:49
1158,melissa60,Natalie Moody,shaungardner@example.com,+61-8-8347-1219,2020-07-02T21:35:06
1159,dianeperkins,Grace Curtis,cummingsangelica@example.com,776-8840,2020-05-20T16:12:12
1160,geraldinenicholls,Sophia Valdez,jenna90@example.com,+61.414.952.775,2020-12-25T08:10:07
1161,wilsonmarilyn,Kristin Gonzalez,mgarcia@example.com,496-244-2629x20128,2020-03-06T10:11:47
1162,wneal,Alexis Frey,vberry@example.org,(03)87971994,2020-12-25T18:44:04
1163,emma54,Jacob Willis,rbell@example.net,001-225-587-1291,2020-09-26T22:40:25
1164,shanemitchell,Mikayla Pickering,thomas44@example.com,(02)90671015,2020-06-28T12:35:05
1165,carolsullivan,Megan Kelly,loganrush@example.net,07 7481 8701,2020-11-22T17:31:44
1166,gjohnson,Wayne Foot,hughesbobby@example.com,(03) 4235 9168,2020-11-08T10:06:35
1167,mariataylor,Carol Young,qpeters@example.net,+44306 999 0720,2020-09-13T02:16:18
1168,zblair,Sharon Rose,franciscoshields@example.org,680.210.2820x092,2020-10-22T09:44:35
1169,charper,Mohammad Austin-Murphy,martin23@example.net,(404) 701-7108 x191,2020-02-03T00:16:04
1170,jessesmith,Barry Brown-Jamieson,danielkelly@example.org,0121 4960945,2020-08-19T12:30:54
1171,nrivera,Teresa Hansen,fmanning@example.org,1 (166) 105-6405,2020-11-23T03:35:48
1172,marciawashington,Wendy Robinson,lynda18@example.org,01632 960569,2020-02-19T13:50:23
1173,alexander82,Ronald Wagner,umitchell@example.org,(760) 559-7674 x886,2020-10-19T05:19:09
1174,jonathanwebster,Brandon Perez,sperano@example.org,021 172 3816,2020-05-23T13:24:08
1175,adam63,Cynthia Mitchell,christopher12@example.com,+61-470-541-773,2020-10-04T05:15:56
1176,brianlewis,Nicola Williams,brayden65@example.org,0854837759,2020-12-21T11:34:00
1177,bernardsmith,Carl Johns,carrjean@example.org,02-3696-6555,2020-12-16T21:14:32
1178,stacey30,Billy Smith,nlopez@example.com,(07).2824.6194,2020-10-22T00:47:59
1179,barberdana,Anna Pitts,joyce36@example.org,(826) 186-2948,2020-11-13T15:26:18
1180,danieldavid,Catherine Taylor,utate@example.com,+1 (131) 640-8371,2020-05-04T12:46:28
1181,singhmarc,Sharon Moore,christygreene@example.net,+1-455-807-9394,2020-08-24T11:05:56
1182,ihall,Dustin Villegas,amy28@example.com,(423)555-5547x755,2020-09-05T21:39:17
1183,zreed,Olivia Small,keith60@example.com,445.271.9531,2020-10-26T17:13:15
1184,michael13,Jennifer Bennett,justinbennett@example.net,001-693-250-3554x1768,2020-11-20T01:37:26
1185,smiththeresa,Lindsey Cook,danielleprice@example.org,+44(0)1134960467,2020-02-19T03:53:15
1186,robincollins,Dianne Price,wjordan@example.net,+44117 4960745,2020-06-12T11:16:57
1187,oclifford,Krystal Gore-Waghorn,gary39@example.com,+1-437-527-0735,2020-05-04T00:52:10
1188,terence47,Maia Browne,fernandezcarlos@example.net,(03) 1593 5060,2020-05-21T00:22:21
1189,buckleyjanet,Michael Craig,tammyharrison@example.net,06 886 2645,2020-10-26T06:47:36
1190,matthew16,Anne McDonald,traceyward@example.net,+64298163669,2020-04-25T19:35:56
1191,melissaibarra,Carrie Dean,iblair@example.org,780.730.8521,2020-06-19T09:32:14
1192,mmcgregor,Tui O'Brien-Pedersen,alistephanie@example.net,022 2227909,2020-02-21T13:46:26
1193,justin26,Dr Mark Smith,johnfisher@example.org,1 (165) 069-4893,2020-05-18T08:06:03
1194,ntaylor,Barry Barton-Johnson,thorntonsamuel@example.org,(08).8037.6041,2020-10-15T03:38:46
1195,hubercharles,Lesley Rowe,henrysteven@example.net,01414960958,2020-07-16T05:28:42
1196,rebecca29,Randall Rogers,evaldez@example.org,437.345.2899,2020-06-30T20:40:19
1197,garrettevan,Jason Padilla,salinasshannon@example.org,+64 29 7181222,2020-01-09T04:42:06
1198,carolyn85,Steven Clark,fredericknicholls@example.net,03 6581476,2020-04-20T00:53:23
1199,juarezcarmen,Paul Reed,jane22@example.net,(0151) 496 0691,2020-10-17T00:41:33
1200,bburke,David Sanchez,janet15@example.com,001-678-929-0758x6855,2020-07-05T13:48:06
1201,robertdalziel,Destiny Horton,leejustin@example.com,02.5990.6728,2020-02-24T23:06:24
1202,bgates,Chelsea Bates,coopersullivan@example.net,+1 (660) 126-9699,2020-10-08T00:34:01
1203,sclark,Alison Perry,nathan34@example.org,(020) 74960249,2020-12-26T07:31:42
1204,eden75,Caitlin Paul,baileycraig@example.com,+61873367331,2020-02-02T19:49:34
1205,natashanicholson,Diana Lopez,lisa05@example.org,(02)-8259-9721,2020-08-22T12:18:52
1206,cfunnell,Mrs. Brenda Aguirre,christinecox@example.com,+61 442 557 069,2020-04-11T06:13:10
1207,janice94,James Craig,chelsea35@example.com,04 367-8972,2020-05-29T23:08:48
1208,ngullery,Samuel Murphy,lindsey12@example.net,+44(0)29 2018 0793,2020-07-23T11:12:52
1209,josephwells,Gregory Fitzgerald,cellis@example.com,(029) 2018931,2020-12-08T13:08:01
1210,ramirezscott,Tanya Fox,lesleyjohnson@example.com,(641)685-5068x821,2020-02-16T13:36:25
1211,bateslauren,Christopher Torres,prestonwhite@example.net,+64 3 361-7879,2020-05-31T05:50:01
1212,xwilkins,Louise Olsen,christopherhodson@example.org,+44306 9990419,2020-05-22T08:33:11
1213,jenkinssandra,Brett Bender,barnesruben@example.org,09-273-8886,2020-04-12T15:54:52
1214,meghan57,Charles Jones,andrea76@example.com,+64 4 5438694,2020-04-22T09:04:41
1215,mitchell43,Mr. Dennis Stanton,kflores@example.org,(021) 393 6305,2020-09-29T08:26:48
1216,msmith,Tina Garner,crosstaylor@example.com,+1-447-981-4861x735,2020-01-23T18:19:59
1217,froststacey,Christopher Burns,claudia96@example.com,(07) 2415 5350,2020-10-24T11:25:23
1218,susan18,Amy Martin,bryantjoseph@example.com,112-063-8169 x593,2020-03-18T15:54:53
1219,bernard69,Mark Page,fguzman@example.org,0115 4960848,2020-02-26T03:28:11
1220,courtneylawson,Carolyn Keith,tcross@example.org,1-762-723-5507,2020-05-07T19:45:34
1221,brooke30,Courtney Perez,qbrooks@example.org,509 932 3526,2020-10-19T04:32:18
1222,katie44,Luke Williams-Wilkinson,thompsonanthony@example.net,723.010.7237,2020-01-25T05:51:49
1223,paul08,Alexander Taylor,janet44@example.com,+64 9 6042907,2020-04-02T04:09:57
1224,rodriguezpatricia,Brian Smith,laurarangel@example.com,(0115) 496 0654,2020-09-17T01:16:37
1225,pagescott,Alan Palmer,evansrobert@example.com,029-298-3319,2020-06-20T00:56:27
1226,kim75,Megan Clark,danielle44@example.net,02.4654.0206,2020-06-11T12:54:00
1227,elijah12,Michael Castillo,carpenterjulie@example.com,(789) 448-9191 x049,2020-08-09T19:28:28
1228,hannahbates,Allison Gutierrez,brownjulie@example.net,0116 496 0461,2020-07-05T15:15:28
1229,xwright,Christopher Moore,alice18@example.com,(029) 6481223,2020-09-29T23:58:04
1230,brandonmurray,Gail Jones,philip65@example.com,541-838-3139x3149,2020-02-27T05:59:34
1231,thomasgaskin,Adam Hernandez,wolfechristopher@example.com,+64 9 673-4004,2020-06-05T23:41:32
1232,collinscameron,Victor Armstrong,mathewfield@example.net,0808 1570084,2020-06-24T00:39:36
1233,jacquelinesanders,Benjamin Rodgers,ribarra@example.net,(494)282-6224x400,2020-12-25T23:41:53
1234,pjones,Mrs Ellie Holmes,smithbradley@example.org,02.1038.0216,2020-12-30T05:48:13
1235,elliot20,Matthew Rogers,frankpalmer@example.com,721-971-1729x53027,2020-04-08T13:06:58
1236,gonzalezjeffrey,Lynette Moore,williambarnett@example.com,(0113) 4960461,2020-12-10T16:01:12
1237,emily66,Sophie Rowlands-Hume,fdaniels@example.org,028 9018 0959,2020-08-09T05:20:38
1238,james47,Heather Mitchell,fdalziel@example.net,(09) 8867813,2020-07-21T16:48:40
1239,zhood,Kimberly Welch,marian02@example.net,+6461534069,2020-05-05T02:02:40
1240,tfreeman,Tina Walker,rodriguezallen@example.org,07-2769-0323,2020-07-20T12:55:29
1241,tobyjohnston,Christina Elliott,tuckerrobert@example.org,(020) 7496 0312,2020-12-05T17:22:16
1242,nicolesutton,Cindy Rodriguez,juan18@example.org,(643) 587-4414 x011,2020-01-08T07:53:58
1243,jennifer84,Abbie Little,bbegum@example.net,32607102,2020-04-19T22:43:42
1244,bsmith,Alyssa Kemp,jadewilliams@example.net,+1-482-208-8175x72732,2020-01-05T17:35:20
1245,freemankendra,Jason Davis,zvasquez@example.net,(297) 026-3626,2020-04-18T21:53:13
1246,steeletoni,Robert Waller,lindseyfreeman@example.net,(296) 373-3937,2020-12-21T11:37:13
1247,humphreyjames,Heather Johnson,ggray@example.com,08-1444-0934,2020-11-27T16:24:57
1248,brownmegan,Dr Emma Palmer,ismart@example.net,297 755 1930,2020-04-21T11:16:27
1249,jenningskathleen,Dr Iain Cooper,ehill@example.com,(734)574-4571,2020-12-17T18:45:18
1250,antonio60,Jacob Davies-Reynolds,josephjohn@example.org,287-705-2768 x526,2020-03-31T17:09:36
1251,pamela46,Victor Schmidt,marcus42@example.org,+1-939-707-8403x653,2020-11-29T12:17:04
1252,heathsharon,Andrea Murray,wendybailey@example.net,+44121 496 0881,2020-10-24T03:06:34
1253,hooverjessica,George Pope-Hart,sanchezmelody@example.com,+61-414-767-296,2020-09-03T06:14:34
1254,paulgardiner,Jorja Burnett,obriennicholas@example.org,922-544-2391 x817,2020-10-31T16:10:33
1255,waltonvictor,Kevin Hart-Harper,ryan45@example.net,705.568.1364,2020-07-22T05:41:19
1256,kahurangi33,Brittany Butler-O'Sullivan,steven39@example.com,(217) 228-9106,2020-09-17T01:57:17
1257,villarrealgreg,Emily Graham,samuelmoore@example.net,438-469-0069,2020-08-01T04:19:40
1258,deborah17,Belinda Leslie,william65@example.net,+61788392399,2020-11-20T03:15:08
1259,wbradley,Melissa Goodwin,perryanthony@example.net,(300) 035-6856 x273,2020-06-20T16:59:29
1260,kcharles,Isaiah Morrison,vickie51@example.org,269-272-8730,2020-09-12T21:51:49
1261,thompsongregory,Georgia Millar,william99@example.net,897-792-7411,2020-09-14T19:52:13
1262,rothtaylor,Nadine Williams,carlcollins@example.com,0151 4960651,2020-07-18T16:32:12
1263,tina90,Robert Bernard,christineduncan@example.org,(07)20690542,2020-08-18T00:31:28
1264,jessicacaldwell,Todd Moore,mariaallan@example.com,02.8531.8073,2020-06-06T17:50:15
1265,bmorgan,Lee Mitchell,peter63@example.org,(431)396-8886,2020-10-05T11:54:30
1266,greenmichelle,Victor Parker,nicolegonzalez@example.net,1-945-086-5549,2020-09-22T13:23:36
1267,robinsonmichelle,Shelly Sampson,kylelloyd@example.com,0118 4960290,2020-01-14T04:37:31
1268,mmack,Mrs Elaine Long,courtneywood@example.net,+1-463-731-7062x98895,2020-03-20T23:51:10
1269,james65,Scott Merritt,thomasenglish@example.net,747-4980,2020-04-04T06:17:23
1270,colleen33,Tanya Gordon,zrose@example.com,527.835.8697x122,2020-09-22T13:03:26
1271,nathan07,Anthony Smith,olucas@example.com,(0141) 4960595,2020-01-06T08:55:41
1272,sherry75,Travis Meyer,carol53@example.com,(08) 1059 8744,2020-05-22T11:30:17
1273,christianjennifer,Rachael Johns,jodi57@example.net,+44(0)1914960273,2020-08-18T12:36:47
1274,wilsonmatthew,Mary Anderson,mauricearmstrong@example.com,(0141) 496 0539,2020-10-08T00:25:05
1275,prasmussen,Patrick Moore,megan15@example.com,0472-262-420,2020-11-01T07:54:31
1276,helen55,Janet Jackson,patrickgullery@example.com,+64 21 188-8923,2020-08-22T19:33:42
1277,mevans,Taylor Williams,bmay@example.net,+1-459-728-6056x5574,2020-03-27T14:38:54
1278,abrown,Ashlee Sutton,estevens@example.org,+61 7 3402 8382,2020-03-18T20:34:41
1279,judith91,Michael Houston,hsimmons@example.com,78219887,2020-05-19T14:45:53
1280,renee76,Robert Bartlett,rmiller@example.org,2665724282,2020-05-18T17:10:39
1281,michael92,Stephen Thomas,fflores@example.org,(483)867-9671,2020-03-15T05:52:47
1282,toby76,Dennis Medina,laurenhoward@example.net,879.654.8873,2020-06-15T21:22:38
1283,thomaswalker,Heather Bennett,millermichelle@example.org,+1-937-298-5899,2020-01-20T12:50:35
1284,taterandy,Stephanie Robson,richardgraham@example.net,966.673.1961x6719,2020-10-16T19:56:48
1285,sdiaz,Brenda Ellis,eleanor00@example.org,714.683.7139,2020-11-09T05:58:25
1286,jcollins,Shawn Cooper,katelyn27@example.net,1 (533) 156-2629,2020-01-14T08:46:17
1287,roger14,Shawn Owens,pjohnson@example.net,001-473-547-4750x8578,2020-09-01T11:32:10
1288,stephanie66,Rochelle Miles,cassandra90@example.org,0481.343.291,2020-10-14T22:46:18
1289,ewratt,Shawn Bailey,hunterphilip@example.org,0474.645.112,2020-12-25T03:48:32
1290,amanda54,Robert Miles,ann30@example.com,+61-2-0897-1134,2020-01-23T20:42:39
1291,murraydaniel,Kelly Green,charlesmckenna@example.com,(0117) 4960041,2020-09-03T05:06:01
1292,robert59,Andrea Foley,daveyemma@example.com,+44(0)1144960158,2020-02-23T07:24:34
1293,sierrarice,Sabrina Cervantes,alexandra68@example.com,0151 4960777,2020-03-10T20:15:47
1294,davidfisher,Marilyn Briggs,melissawilliamson@example.org,(027) 7114074,2020-10-28T08:09:50
1295,haydenbryant,William Gill,cochraneric@example.net,(782) 193-3388,2020-04-24T01:18:21
1296,sandraadams,Jimmy Davis,gary93@example.org,+64 4 122 5019,2020-07-10T06:35:39
1297,hamptonlatoya,Patty Martinez,zionhenderson@example.com,0868055913,2020-09-09T03:11:28
1298,ijones,Dr Mathew Skinner,lphillips@example.com,001-214-520-7523x4060,2020-05-25T10:14:25
1299,sarah05,Nicole Cole,michael97@example.com,+1-422-270-7915x8770,2020-09-06T15:37:43
1300,zcasey,Kerry Lowe,kathrynzavala@example.net,+44121 4960215,2020-08-13T12:54:14
1301,wrightgillian,Carl Hardy,traceypowell@example.net,001-562-774-8496x11112,2020-05-07T03:47:56
1302,daniellemartinez,Tina King,walkerdonald@example.net,+64 3 7679380,2020-08-21T06:50:55
1303,danielstephenson,Rebecca Hawkins,frederickpetersen@example.net,+61.453.989.261,2020-04-05T15:04:35
1304,royhayes,Ariel Brown,gemmawalker@example.net,1-655-666-4369,2020-06-12T10:26:10
1305,antoniocopeland,Mark Mendez Jr.,donovanthomas@example.org,660-811-2365,2020-03-26T18:15:49
1306,clarkholly,Miss Lauren Dyer,simon28@example.org,1 (533) 982-9134,2020-04-20T15:33:53
1307,graycameron,Miss Hilary Barton,geraldcross@example.com,589-9691,2020-07-30T05:58:24
1308,phillip88,Jason Brown,wschwass@example.net,+61 413 377 062,2020-01-26T18:43:43
1309,christine52,Linda Wells,jthompson@example.com,491 552 9509,2020-02-05T10:08:08
1310,erikablack,Mark Smith,clarkealison@example.org,(757)612-9201,2020-10-17T12:51:14
1311,hansonmichael,Thomas Davis,rwilton@example.org,971 9515,2020-07-25T03:13:33
1312,amandacole,Stuart Lang-Beard,freemanjulie@example.com,524-920-6411,2020-11-14T01:58:41
1313,randy99,Brandon Mooney,iansmith@example.com,+64 21 535 6875,2020-02-03T18:32:49
1314,claudia16,Sarah Williams,stephen44@example.org,+44131 496 0189,2020-11-16T00:59:52
1315,xgarza,Christopher Davis,trevor08@example.com,022 975 2164,2020-07-23T13:35:44
1316,samuel34,Sandra Walters,eowens@example.net,1-888-643-1053,2020-11-09T05:09:08
1317,vbarr,Ann Parry,zbaker@example.com,(0909) 8790970,2020-10-20T00:06:20
1318,dmontgomery,Gary Webster,hannahanderson@example.com,+441632960784,2020-08-16T06:37:56
1319,egrant,Adam Martinez,kmiles@example.net,696-258-8846 x006,2020-05-27T19:58:08
1320,gregory34,Dylan Woolley,edwardanderson@example.net,(0113) 4960968,2020-07-13T23:12:07
1321,jonathanwilliams,Mr. Roy Wilson,donald44@example.net,(219) 258-9244 x328,2020-11-22T00:00:05
1322,fletcherashley,Samantha Wolf,wagnerdaniel@example.com,(111) 439-6972 x352,2020-09-03T09:51:08
1323,wattseric,Erica Anderson,sean32@example.org,(712) 413-6227,2020-10-23T21:33:55
1324,thomas96,Michael Garcia,kimberly00@example.net,+61-417-564-027,2020-08-08T21:53:30
1325,jamesknight,Austin Brown,ewilliams@example.net,674.528.0923,2020-10-09T13:55:07
1326,josemorris,Laura Copeland,lrodriguez@example.net,195-2228,2020-06-11T09:51:52
1327,michael43,Kimberly Haney,fergusondustin@example.com,518-855-0651 x264,2020-07-23T16:54:24
1328,taylornicholas,Tane Eglinton-Forsyth,lturner@example.com,+64 21 734-6154,2020-04-14T18:46:23
1329,lbarton,Sarah Martin,jwebster@example.com,917-806-9789,2020-09-26T06:13:58
1330,iantaylor,Dr. Christopher Rodriguez,william98@example.net,(297) 906-9752,2020-06-28T16:03:41
1331,nathankelley,Jay Williams,otaylor@example.org,635-402-5623x810,2020-05-30T09:29:54
1332,norman02,Miss Sarah Bowen,bakerdonald@example.com,270-1838,2020-04-24T03:58:50
1333,jared20,Molly Woods,peterhenderson@example.com,398.584.7066,2020-11-27T17:11:27
1334,leah90,Alan Howell,garzabrandon@example.org,5483-3802,2020-08-19T14:51:52
1335,ericaramirez,Glenn Stewart,jwratt@example.net,(980)288-2074x701,2020-02-29T23:55:22
1336,shughes,Mr Ricky Shepherd,guyharvey@example.com,(022) 911-2974,2020-08-14T08:26:27
1337,xneal,Kylie Hills,albertlee@example.net,0403-269-174,2020-11-20T07:51:27
1338,phughes,Mr Marc Williams,phillipmcdonald@example.net,0114 4960056,2020-02-08T04:14:11
1339,phillipsjamie,Katherine Yates,pateljeffrey@example.net,07 7684060,2020-12-15T19:41:29
1340,graycraig,Stephen Bailey,andrew05@example.org,+44(0)28 9018 0157,2020-05-05T16:57:56
1341,hoodnicholas,Jose Davis,esolis@example.net,0151 4960985,2020-03-23T05:51:25
1342,lweston,Evelyn Wade,williamsandrew@example.net,610-5100,2020-06-15T05:23:26
1343,heather67,Dennis Williams,theodore75@example.org,+44(0)117 4960955,2020-02-16T12:38:43
1344,lrangel,Jill Davis,veronica69@example.org,(03) 453 0623,2020-07-11T17:54:57
1345,marcus40,James Mercer,stephenfoster@example.net,(07)-3225-9819,2020-03-20T10:15:12
1346,michelemiller,Joshua Kline,malcolm49@example.net,972-580-3018,2020-08-22T21:57:07
1347,kellydavid,Daniel Mendez,rebeccamarsh@example.com,9739 9273,2020-02-28T10:10:56
1348,joshuaphillips,Mark Mccormick,calebcameron@example.net,598-828-0990 x176,2020-01-23T04:23:37
1349,maureen82,Daniel Hodson,brownronald@example.com,+1-497-775-1052,2020-05-09T13:52:46
1350,williamsvictoria,Mr Jeffrey Hill,millerkaren@example.com,(539) 289-0677 x531,2020-10-11T00:58:52
1351,sscott,Tamara Navarro,jaclynjones@example.org,022-821-9374,2020-09-08T04:24:26
1352,briancollins,Sara Jones,edwardsgeoffrey@example.com,07 8905042,2020-08-23T03:53:31
1353,susan11,Samantha Fields,brightkevin@example.org,001-701-625-6028x63209,2020-06-09T15:17:49
1354,briankelley,David Morrison,johnsonkerri@example.net,9495-3690,2020-03-20T02:43:48
1355,thomassolomon,Justin Jones,michaelhenry@example.net,+64 21 140 8980,2020-10-04T05:09:49
1356,matthew06,Hayley Wells,smithjason@example.org,394-164-7740,2020-08-29T22:55:57
1357,steelejose,Jennifer Neal,muellerchad@example.net,(020) 3949820,2020-10-25T03:54:29
1358,nkelly,Casey Page,matthew60@example.net,541 8651,2020-11-27T03:37:50
1359,peter09,Sarah Vazquez,esmith@example.org,+61-3-9693-9196,2020-08-27T17:50:06
1360,mauricewalton,Liam Glover,eturner@example.net,(0121) 4960760,2020-05-26T16:41:31
1361,carrie52,Derek Carr,julie67@example.com,(0116) 4960299,2020-12-04T23:28:28
1362,jill81,Hayley Donald,nicolemitchell@example.net,+6471307526,2020-01-03T16:54:05
1363,bradleypowell,Alicia Bass,gfenton@example.com,555.346.0518x2584,2020-05-18T12:36:20
1364,andradejonathan,Preston Edwards,wclarke@example.com,(402) 633-0886,2020-01-30T09:16:05
1365,lindasloan,Leonard Smith,angela92@example.com,+1 (465) 653-7467,2020-06-01T12:31:31
1366,michaelbrown,Benjamin Ward MD,jason28@example.com,020 902-4935,2020-09-28T20:27:44
1367,joan24,James Goodman,ritchiejacob@example.org,(020) 7496 0327,2020-04-29T20:37:11
1368,ryan86,Jill Nelson,vanessa03@example.net,020 4014335,2020-03-12T02:30:24
1369,sreid,Nicola Johansen,xsimmons@example.com,(01632) 960 535,2020-09-21T15:15:00
1370,cfisher,Ronnie Nicholson,fryealan@example.org,+61-2-1245-4998,2020-07-01T17:42:48
1371,dylan89,Alexander Baird,edwardbarnett@example.com,+1-942-868-3895x832,2020-02-01T06:06:59
1372,gwoods,William Hunter,leonchristopher@example.org,447.851.9983,2020-07-28T19:30:37
1373,denisewebb,Thomas Butler,jenniferrobinson@example.com,02.2739.2690,2020-09-20T12:18:19
1374,donna31,Anthony Bray,christopher78@example.org,(03)-6345-8683,2020-04-26T13:39:57
1375,ojensen,Theresa Torres,iwebb@example.org,+61-8-6694-2422,2020-10-16T08:28:32
1376,vhughes,Teresa Smith,hnunez@example.com,(0118) 496 0803,2020-03-20T05:54:49
1377,cynthiarubio,Joanna Howarth,ywilson@example.com,1 (485) 220-2663,2020-05-26T11:47:17
1378,allan72,Regina Colon,marioortega@example.org,(020) 74960548,2020-04-27T18:21:49
1379,wiltonsamuel,James Ingram,cooperdominic@example.net,+1 (740) 497-2748,2020-06-17T10:50:27
1380,davislisa,Kate Anderson,lauraramsey@example.com,+1 (871) 658-6072,2020-02-10T16:32:01
1381,cooperjohn,Pamela Davis,james51@example.net,146-801-7949 x937,2020-03-20T02:09:21
1382,tara07,Dr Alan Hardy,rgee@example.org,1 (756) 300-3698,2020-12-27T06:37:53
1383,cole53,Jonathan Meyer,aaronowens@example.com,06 149-6574,2020-10-02T23:07:24
1384,jgee,Amy Anderson,stephenproctor@example.net,560-109-7276,2020-01-19T21:58:58
1385,armstronghannah,Nicole Huynh,johnathanfernandez@example.org,+441184960452,2020-04-22T17:37:54
1386,pughgerald,Kenneth Gallegos,masonpeter@example.com,538-482-4853,2020-03-04T17:36:52
1387,paulwalls,Samantha Marshall,wardcarly@example.com,+64-4-705-5277,2020-09-22T22:08:33
1388,zharper,Jeffrey Harrison,fparker@example.com,001-653-609-9532,2020-11-14T05:49:49
1389,max86,Shannon Barr,meagan22@example.org,07 2637 8953,2020-03-16T05:30:50
1390,brett71,Justin Lam,sandra32@example.com,0107-4053,2020-01-19T06:48:55
1391,ashley74,Timothy McDonald,lpayne@example.net,646.652.2320,2020-06-22T19:19:05
1392,pbuick,Matthew Hewitt,brianbryant@example.net,1 (981) 483-2922,2020-03-25T11:29:58
1393,jillian61,Dominique Miller,gwashington@example.com,(07)06075955,2020-10-01T14:27:39
1394,brian84,Kelly Brown,ageorge@example.org,+1-693-691-4394,2020-09-30T00:47:22
1395,robert00,Sabrina Carter,katelyn84@example.com,022 210-7435,2020-09-26T19:08:12
1396,toddcraig,Robert Nguyen,anna89@example.net,04 235-2300,2020-06-11T07:56:20
1397,frankiekelly,Michael Rivera,haletasha@example.org,(0191) 4960075,2020-09-14T06:02:38
1398,oliviaatkinson,Jeffrey Doyle-Chapman,jgalvan@example.net,+64273147880,2020-02-15T13:04:18
1399,antony13,Donald Le,wzuniga@example.net,0118 496 0596,2020-10-24T14:19:59
1400,emilymata,Mohammed Spencer,andersonaaron@example.net,+1-462-295-9734x1659,2020-10-28T16:38:28
1401,makayla01,Ann Cook,romerochristopher@example.net,+44151 496 0551,2020-03-18T14:39:56
1402,taylorklein,Dr Katy Alexander,larry04@example.com,(876)856-4296x73160,2020-11-15T01:27:41
1403,sarahmathis,Kathy Fletcher,websteralexis@example.net,(07)44854567,2020-07-26T07:23:01
1404,stephencoleman,Rebecca Briggs,zachary14@example.org,0808 157 0649,2020-02-28T00:12:39
1405,shawn53,Steven Small,april45@example.com,415-2394,2020-12-10T14:57:18
1406,jamiegallegos,Tracy Newton,ryanroy@example.org,029-132-9826,2020-06-20T17:37:42
1407,fperry,Dr Julie Gallagher,katherinesmith@example.com,(585) 839-8816 x626,2020-02-04T06:04:28
1408,hprince,Joseph Seymour,jbaker@example.org,(574)318-2946x733,2020-03-08T03:48:20
1409,caldwelldarren,Amanda Oneill,taylorromero@example.net,823-9403,2020-03-09T16:04:07
1410,bshelton,Joe Gonzalez,jonesstephanie@example.com,(323)839-8378x660,2020-08-20T17:19:20
1411,charles39,Phillip Roberts,angelafitzgerald@example.com,0464 809 657,2020-01-03T15:00:36
1412,oblankenship,James Adams,zvance@example.net,(274)299-4032,2020-10-31T23:22:35
1413,reginald55,John Lynch,gary60@example.org,(0909) 8790274,2020-03-03T10:29:08
1414,leslie38,Larry Rodriguez,scottgray@example.net,336.947.0502,2020-09-13T02:25:46
1415,gloverchristopher,Erin Ramos,imiller@example.com,03 8455 6792,2020-10-13T15:38:26
1416,leannebegum,Angela Jimenez,amanda54@example.com,647-8920,2020-02-24T03:47:26
1417,vpalmer,Amber Walker,waghornflynn@example.org,1-391-913-7433,2020-03-02T20:42:27
1418,howardgail,Kyle Walker,jamesking@example.com,431.881.1307,2020-03-28T20:19:43
1419,robinsonvincent,Jeremy Watt,angelaalexander@example.net,(04) 2134075,2020-08-11T21:41:32
1420,vbeard,Jeffrey Smith,bryantmelissa@example.org,(446)365-7286x24714,2020-05-07T17:07:27
1421,reynoldsgerard,John Reid-Ingram,georgia58@example.org,+64 7 939 9980,2020-09-04T23:19:04
1422,langbarbara,Christopher McLeod,onavarro@example.com,982-583-2249x20476,2020-11-23T19:44:48
1423,ruth68,Helen Crawford-Holland,richardskaren@example.org,+64 7 640-3161,2020-08-09T21:08:19
1424,suareztanya,Dale Pearson,wbates@example.com,464.955.1932,2020-04-09T01:45:59
1425,melissa17,Jennifer Tanner,karenclark@example.net,6030.7075,2020-07-10T11:12:03
1426,jhunter,Molly Acosta,mark38@example.com,615-291-9460 x572,2020-07-08T05:52:12
1427,reece95,Michael Baxter,petertait@example.org,(106) 402-8657,2020-01-13T07:56:20
1428,zmoreno,Nathaniel Palmer,mooresarah@example.net,020 260-1072,2020-08-14T20:28:39
1429,teresa32,Douglas Saunders,brandonmatthews@example.com,+1-735-698-7032x6541,2020-07-25T07:01:16
1430,jordan01,Heather Grant,fbrown@example.net,+44(0)1632 960120,2020-02-24T16:00:54
1431,bruce73,Sam Fletcher,woolleycarl@example.org,1-435-064-7201,2020-02-10T04:18:10
1432,raguilar,Robert Knox,olee@example.org,+44113 4960703,2020-04-22T19:50:28
1433,rogerskeith,Mrs Kayleigh Day,hemi98@example.org,(07)-1041-7426,2020-04-01T11:54:51
1434,jmorton,Miss Julie Sims,ygallagher@example.com,+44116 4960873,2020-02-12T09:11:40
1435,cwatkins,Suzanne Henry,jmorgan@example.org,+44(0)141 4960060,2020-10-26T13:48:02
1436,andersonnathan,Mark Johnson,briggsmarc@example.com,+61.3.9573.3137,2020-12-06T06:31:43
1437,buckleystuart,Anita Campbell,dwhite@example.org,(08).8590.6443,2020-07-16T03:56:25
1438,johnsonelizabeth,Michael Shaw,danielherrera@example.net,1-521-081-4951,2020-11-29T19:46:20
1439,emilyjones,Dennis White,allan80@example.com,+1-616-933-7716x94102,2020-08-20T15:35:43
1440,ambermiddleton,Jennifer Gonzales,laura85@example.com,(02)-7284-2844,2020-04-06T16:02:01
1441,kellyfunnell,Juan Gillespie,zmckay@example.org,(03) 872 6503,2020-09-12T00:26:20
1442,juliapalmer,Mr Graeme Johnson,robert77@example.org,+64 29 268-7516,2020-01-26T04:20:58
1443,kevans,Christy Gallagher,oliverallen@example.org,535 6605,2020-05-26T04:02:10
1444,santiagobrent,Jane Gordon-Lucas,gregory58@example.org,545.596.9358,2020-12-08T08:59:49
1445,ygarcia,Casey Harrington,jeffery92@example.org,0481 073 781,2020-01-16T04:16:16
1446,tholland,Rebecca Gomez MD,jacobcharles@example.org,968-278-9841x7009,2020-09-13T06:20:11
1447,smithandrew,Monica Cox,ashley63@example.com,(559)766-1346x70424,2020-11-08T14:24:47
1448,brian65,Barry Yates,matthew36@example.net,029 2018 0404,2020-08-08T00:05:39
1449,nwalsh,Cameron Knight,yvonneking@example.org,(0121)4960327,2020-09-04T17:20:48
1450,gloverconnie,Dr Douglas Humphries,mikayla32@example.com,1-795-657-6250,2020-07-24T03:53:32
1451,alyssahowell,Carlos Steele,kingthomas@example.org,+1-427-318-9202x3770,2020-01-07T11:10:33
1452,alice07,David Moore MD,wayne65@example.com,021 5649660,2020-04-17T01:31:06
1453,ubridges,David Zhang,richardsvictoria@example.net,424.294.9175x0784,2020-12-25T00:43:22
1454,charles42,John Davies-Brennan,shanetodd@example.net,0466 148 700,2020-01-06T20:18:05
1455,malcolmfletcher,Catherine Price,dohertyjoseph@example.com,2175.7463,2020-09-26T18:32:18
1456,richardlowery,Thomas Evans,hvargas@example.net,07.3216.6074,2020-12-09T05:10:59
1457,dstone,Deborah Wolfe,rosieadams@example.org,(08).4082.5340,2020-03-20T23:26:32
1458,wayne67,Brandon Martin,colinmcdonald@example.net,+44292018255,2020-08-28T08:19:48
1459,oliver55,Neil Wilson,hillmartin@example.org,+1-998-760-6207x281,2020-09-28T21:23:05
1460,christopherlyons,Elliott Roberts,hbradford@example.com,(859) 681-4692 x160,2020-02-05T21:25:02
1461,amycolon,Kate Johansen-Matthews,hardingmarion@example.org,0141 4960332,2020-12-01T17:03:04
1462,matthew18,Jack Young,david25@example.net,(07) 6140 3891,2020-08-09T17:33:06
1463,cantupaige,Jemma Ali,bcannon@example.net,021 352 5374,2020-10-21T11:34:35
1464,karen95,Mr Mark Khan,rebecca98@example.net,03 4280003,2020-04-08T19:20:05
1465,zhubbard,Sonia Gibson,trevor38@example.com,021-766-5403,2020-04-22T01:02:45
1466,amandaschroeder,Judith Knowles,bpadilla@example.net,(07)14673832,2020-08-20T11:22:04
1467,htaylor,Megan Gray-Collins,kylehodson@example.org,+64-3-291-1702,2020-07-26T18:16:30
1468,valdezjeffrey,Felicia Powell,rblankenship@example.com,(0141) 4960391,2020-03-21T21:56:23
1469,vthompson,Ashley Johnson,taylorchristopher@example.org,(275) 801-9752,2020-02-29T10:15:55
1470,pholloway,Albert Hill,holly43@example.com,0890 1500,2020-03-20T09:01:01
1471,kenneth52,Jonathan Carroll-Leach,craigjulie@example.net,(0131) 4960895,2020-10-11T06:04:14
1472,hannah57,Melissa Baker,dcameron@example.net,+1-246-535-8163x284,2020-10-16T14:42:46
1473,stephaniebarron,Hayley Smart,darren79@example.net,(07) 759 9429,2020-02-04T21:42:00
1474,zblackwell,Matthew Delgado,samuelrobinson@example.com,200-249-9381 x834,2020-09-28T13:09:39
1475,jennifer80,George Summers,emmafisher@example.org,+1-778-844-9052x4428,2020-10-09T03:00:52
1476,buchananalexa,Rosemary Ham,pdavis@example.net,903 947 9196,2020-07-08T07:18:35
1477,jberry,Michael Wilson,bakerchristopher@example.org,272-734-2632,2020-03-24T02:31:04
1478,atkinscraig,Sean Thompson,christopherhowell@example.net,(706)201-6059,2020-06-07T00:25:00
1479,brownphilip,Derek Parsons-Taylor,bradymark@example.com,0469 325 860,2020-07-10T00:10:29
1480,davidphillips,Manaia Neilson,taguilar@example.com,09 532-5804,2020-08-30T19:35:54
1481,john99,Mr Matthew Farrell,browngeorge@example.net,03-940-9086,2020-08-16T01:41:27
1482,rebecca17,Georgia Holmes,wmedina@example.net,+1-848-251-5503,2020-03-28T05:13:37
1483,zhangjennifer,Kelli Calderon,hutchinsondonna@example.net,+44(0)118 496 0924,2020-08-16T18:05:17
1484,wellsjane,Susan Mckee,malikglass@example.com,+44808 1570430,2020-01-15T08:53:44
1485,harveyharry,Connie Zamora,craigpamela@example.com,(350) 060-0233 x712,2020-06-18T08:21:09
1486,gina54,Richard Ali,savageantony@example.org,+64 20 392-2323,2020-12-23T16:35:50
1487,rochelle21,Teresa Hicks,charles56@example.com,(09) 404-1111,2020-10-24T10:18:40
1488,jordanann,Lisa Mathews,aimee75@example.com,239-285-4844x541,2020-04-25T12:51:45
1489,xbanks,Jason Ballard,kristin16@example.org,479.252.2553,2020-02-28T04:55:08
1490,prenticejack,James Holmes,emma21@example.net,(029)2018818,2020-12-15T23:21:47
1491,karen32,Brandon Thomas,ajones@example.org,913.450.1331,2020-12-13T03:40:38
1492,akramer,James Collins,cmiller@example.com,+64 3 413 0232,2020-11-22T23:18:36
1493,nichole49,Anthony Pierce,stevensonsherry@example.org,965-734-1355 x341,2020-05-25T17:00:23
1494,wrightshannon,Heather Williams,danieljackson@example.net,1 (817) 708-5267,2020-09-28T14:48:42
1495,maureen43,Wayne Rush,barbarawilkinson@example.com,777-356-3230x0542,2020-05-20T05:52:10
1496,stewart26,Troy Marshall,brandon23@example.org,758-227-3383,2020-04-07T13:46:50
1497,shailerdarren,Jennifer Serrano,tpalmer@example.net,919-165-0662 x696,2020-02-03T08:16:18
1498,charles33,Justin Carter,murphygarry@example.com,(07)-3322-8343,2020-03-03T00:37:02
1499,adrianduncan,Mrs Sarah Griffiths,nicola23@example.com,+61754704503,2020-11-29T20:15:37
